trial,nrmse,n_res,rho,density,input_scale,leak_rate,reg,washout,train_len,test_len
1,0.05345815,318,0.97319298,0.21547164,0.77503311,0.48586271,0.42559229,617,15146,3325
2,1.24606933,690,0.88978408,0.32364777,3.73202299,0.37223748,0.01917721,309,6917,2373
3,0.02632079,889,0.98655826,0.44197283,3.45087210,0.71228998,0.21431066,193,13069,6037
4,0.07069426,875,0.76361705,0.01899751,3.48649052,0.37078270,0.32258032,627,13396,5613
5,0.10096610,198,1.02876421,0.46200683,3.08250119,0.22796445,0.14640563,223,17178,4990
6,0.06510077,718,0.82164087,0.24148374,0.85411884,0.90002563,0.24178728,287,11214,3286
7,0.07244814,685,0.75458624,0.34852913,0.17676755,0.87627803,0.25774737,53,2101,3546
8,0.03703231,839,0.52783756,0.31123330,3.89097913,0.70546785,0.25788868,256,7403,4600
9,0.63114804,921,0.60733258,0.40241995,3.53190080,0.10890815,0.40198818,651,24824,2127
10,0.10689254,998,0.82341465,0.39217463,3.92207389,0.30004685,0.36116504,324,21942,3234
11,0.04899915,841,0.69809227,0.32160262,2.75011774,0.54082652,0.45044531,498,15813,2698
12,0.03168082,869,0.71186898,0.04626854,3.30055089,0.75539072,0.45932962,691,21397,5628
13,0.02183539,813,0.81642717,0.20548353,4.91984235,0.97956118,0.16812915,721,4550,2613
14,0.02952760,367,0.73726683,0.32503910,3.42857291,0.74422958,0.38759217,323,10394,6723
15,0.16246785,475,0.65679510,0.12325965,2.31523075,0.20873257,0.08164824,725,19851,6180
16,0.21494276,473,0.97606002,0.08470167,2.70760726,0.13621392,0.22952172,486,14541,6943
17,0.04156512,374,0.74127406,0.09763613,3.10138590,0.75495021,0.38186078,88,6759,4843
18,1.10465362,504,0.98378740,0.09162616,4.89128607,0.05113086,0.34120642,661,18326,2956
19,0.03474485,300,0.69470910,0.24276348,2.21227202,0.62471201,0.45047930,209,19310,7437
20,0.05878305,690,0.73295263,0.39112811,0.27543672,0.94573217,0.26230530,67,3517,5579
21,18.08729553,776,0.96870900,0.35393534,3.39389825,0.03935304,0.00608472,594,7590,4228
22,0.06647367,792,0.86596558,0.49882911,2.21553860,0.31774218,0.49342039,534,10196,3078
23,0.02421936,987,0.61153516,0.49233104,4.59412119,0.82829969,0.16187273,520,20226,3929
24,0.02522817,965,0.68920206,0.12965607,3.45793413,0.80096482,0.21269933,639,12432,6638
25,0.42834649,497,0.67822104,0.31893606,0.15340811,0.04386206,0.13027242,137,16881,4004
26,0.03970065,535,0.70223657,0.42056795,3.03869048,0.68310534,0.42030608,146,6826,3181
27,0.02082788,987,0.85116069,0.19121081,2.25794993,0.72469103,0.20717229,627,11061,5323
28,0.02478885,454,0.95575594,0.46632255,2.88958363,0.76896715,0.33749918,180,3067,6641
29,0.47756438,818,0.90164258,0.22799962,3.41223177,0.09734507,0.42426752,261,3983,2297
30,0.04261997,742,0.67186553,0.40921008,3.41926630,0.73639180,0.21536335,115,15804,6346
31,0.27367524,786,0.93704037,0.25445855,1.89259948,0.11583743,0.21765673,222,5547,6647
32,0.04179994,203,0.56165696,0.28449987,1.96584308,0.73188829,0.06741386,644,9309,6050
33,0.11963642,202,0.73715874,0.22353811,4.98528515,0.24148879,0.49747729,305,3258,7046
34,0.33481823,373,0.85175232,0.39198076,0.38158313,0.22603185,0.47960548,255,8507,3517
35,0.02037523,938,0.78551029,0.22117768,1.88301924,0.95553539,0.24931478,129,3194,5347
36,0.04718711,615,0.74682867,0.28029992,2.51756669,0.43678691,0.32991949,303,11596,3134
37,0.03504208,713,0.90405497,0.24770169,2.48388040,0.61703895,0.30719893,235,3672,3848
38,0.08277055,402,0.99606629,0.26328860,4.79654180,0.32002434,0.25964183,504,13983,4385
39,0.41712885,367,0.80866403,0.09946116,1.86382301,0.09353470,0.46272936,704,11062,6503
40,1.27969976,890,0.88023374,0.34104468,3.51810636,0.31778266,0.01087643,210,8837,2977
41,0.44484251,633,0.95282564,0.49401650,0.98982447,0.13686943,0.34088261,55,11950,5189
42,0.02047308,689,0.56261888,0.45919639,2.41214604,0.91147544,0.49749961,76,17479,6998
43,0.05323456,703,0.69305315,0.36781404,4.89150905,0.64705085,0.11313852,348,21325,6892
44,0.07050351,661,0.73007410,0.01689660,2.79740093,0.44935213,0.27141910,100,19174,2379
45,0.14671358,335,1.01034121,0.39618218,1.51535131,0.23409472,0.42862327,697,15475,6489
46,0.06915451,466,0.58590055,0.41564933,0.58803319,0.52115245,0.13067748,600,5680,2270
47,0.03983989,493,0.68314073,0.07671867,2.16914853,0.55800923,0.12126085,322,23353,5735
48,0.09273968,148,0.85497135,0.02991046,1.61234323,0.41556875,0.46802931,639,24108,3065
49,0.02525818,956,0.81971195,0.04841870,2.02153247,0.68141965,0.38379120,127,8307,6300
50,0.08698859,308,0.65745187,0.43330117,0.40023114,0.34240864,0.23347852,354,3733,6839
51,0.05234928,925,0.50606384,0.49550354,0.81270344,0.71454725,0.12491022,307,16497,3561
52,0.72099062,774,0.96540109,0.20633319,3.67035671,0.06750858,0.31252454,488,9739,3263
53,0.10833299,962,0.88021911,0.23818227,4.95025643,0.24119762,0.38807365,451,11055,6653
54,0.04097360,212,0.72827513,0.33946736,2.07628559,0.68025846,0.12605309,422,12889,4138
55,0.03615758,254,0.52243330,0.44619395,0.68325824,0.65334882,0.41671676,151,14808,4771
56,0.42533257,970,0.98440538,0.18455846,0.14629766,0.21285724,0.06314550,355,5222,7371
57,0.19463795,761,0.57819153,0.35820539,3.77108394,0.23040765,0.10462037,51,5015,2023
58,0.02913933,952,0.63279455,0.49929940,1.06105792,0.88564637,0.35360592,718,16141,2468
59,0.09094568,130,0.90109985,0.11982565,4.08520371,0.49833870,0.23097358,637,20199,3350
60,0.14409800,918,1.03400953,0.47837283,1.03776099,0.52481966,0.16131387,70,17357,3138
61,0.43839734,911,0.54326427,0.12139879,2.26605054,0.10078409,0.22340411,526,22167,6298
62,0.82024199,861,0.96758445,0.44760742,4.64264450,0.04321724,0.41905237,648,22618,6030
63,1.88168887,235,0.79155702,0.33362940,1.00687957,0.07301689,0.04531716,638,22366,5892
64,0.10984988,460,0.98189963,0.05103835,2.46530151,0.26885671,0.25483811,172,20928,2755
65,0.54701377,738,0.77040717,0.23202404,2.97005637,0.96809407,0.03099729,121,9076,7358
66,1.90019802,970,0.75697103,0.11731722,3.16291388,0.54250724,0.03781065,89,17928,2899
67,0.25543757,273,1.04152732,0.35407438,3.55350380,0.15783863,0.38161395,517,12253,5113
68,1.46556190,985,0.85096186,0.05427246,4.14722953,0.80092069,0.06843681,712,17673,2749
69,0.86386105,117,0.99700818,0.30737054,1.55348901,0.11822665,0.00843487,672,6365,5084
70,0.06649815,368,0.52885607,0.36338682,2.52577718,0.49387638,0.17261278,705,15346,2822
71,0.02488844,481,0.62668856,0.07520628,4.56183469,0.70240123,0.20845739,523,21234,6788
72,1.68203413,284,0.93924706,0.02252488,2.62856235,0.36057140,0.02161558,742,23998,5417
73,0.04375182,148,0.78134098,0.03288312,1.83347485,0.64989699,0.11511497,284,9292,2510
74,0.11018296,411,0.60958012,0.02388514,1.28600988,0.28428560,0.15027239,746,19927,5659
75,0.07308397,664,0.82827672,0.32423670,0.69791720,0.62266357,0.37005337,708,7977,2246
76,0.01920334,470,0.64085707,0.42401270,2.82182037,0.86229600,0.23167190,256,22205,6325
77,0.43884691,223,0.67032407,0.37053890,1.09444923,0.12122321,0.43123372,488,6919,5407
78,0.14137728,503,0.76913766,0.08531198,4.69846360,0.79040724,0.09136056,510,17109,3672
79,0.12651830,161,0.80583228,0.13716271,3.27422950,0.19939032,0.47693250,509,22502,5201
80,0.08551040,249,0.54660792,0.48004572,0.05568502,0.81573886,0.31209592,420,4168,4381
81,0.04903787,666,0.76266581,0.41027218,0.13463805,0.63335402,0.10817811,86,20779,4368
82,0.05547513,149,0.53068204,0.41819413,4.38010189,0.80475131,0.04790381,56,23569,2923
83,0.92349274,359,0.81052470,0.28296366,2.43195029,0.60085164,0.02139596,52,8824,3174
84,0.15906217,646,0.96474240,0.17249768,4.07548075,0.16444967,0.46760473,142,3436,2144
85,8.59402794,548,0.98679282,0.39714936,4.25980462,0.05690776,0.05158705,720,22134,5109
86,7.94566977,572,0.78443068,0.13577465,2.10935682,0.05326760,0.02309790,97,13584,4147
87,0.07076177,628,0.58990298,0.11016834,2.92968352,0.43066088,0.37724703,514,14520,6153
88,0.12652512,795,0.60226988,0.42329892,3.34517862,0.30161992,0.39361301,354,12382,5759
89,0.14284455,236,0.80787182,0.18355463,3.40872778,0.24359824,0.34254916,701,10433,6188
90,0.29736586,628,0.67685883,0.40982028,1.47093921,0.63243316,0.12103336,641,23971,7094
91,0.03982420,466,1.02632164,0.15784586,2.12466037,0.70834395,0.09849877,632,9168,6695
92,2.74714859,443,0.51025960,0.45976767,3.48145420,0.41019419,0.00345059,384,20675,4893
93,0.33246453,686,0.95042230,0.34764170,0.61553779,0.22692624,0.31383574,441,16145,5253
94,0.04351084,658,0.58044598,0.33385827,1.16418629,0.55620045,0.41944688,601,6457,7344
95,0.16269861,824,0.57496884,0.31008286,2.61692850,0.79599755,0.11706255,416,20711,6181
96,0.08545131,568,0.56365957,0.22213763,3.01780219,0.29537207,0.38743048,299,24570,5591
97,0.02939984,375,0.91469263,0.47832201,3.40453063,0.82473902,0.29282552,580,3632,3827
98,0.04529248,861,0.75259323,0.30178430,2.77468423,0.84230607,0.04846123,357,7704,4164
99,0.10834890,517,0.89122081,0.29754574,4.39894186,0.20280076,0.33583233,351,10553,2640
100,1.53250837,305,0.56603223,0.01472128,1.49529817,0.03363413,0.26795560,318,5951,5879
101,0.01530475,932,0.97337466,0.22733326,1.82513621,0.86910893,0.06880112,532,7579,6653
102,0.03361525,650,0.80911337,0.41102927,2.05611421,0.48274759,0.38996201,176,23902,6199
103,0.76677939,290,1.00795390,0.48610294,0.45714797,0.45638715,0.01310099,571,21691,6178
104,0.34939294,815,0.76051015,0.35093841,0.98352326,0.17170993,0.37779156,75,21493,4414
105,0.05605960,547,0.82884670,0.17097401,2.73276352,0.70718895,0.20328073,429,14052,5709
106,0.22215866,272,0.95881057,0.23874098,1.99665776,0.23248920,0.37193423,342,10273,2053
107,0.02885434,991,0.72839564,0.31525680,3.05200613,0.74278310,0.22212266,194,23103,3424
108,0.04594271,286,0.50147345,0.13156793,1.93880769,0.54545469,0.17015767,528,16590,7393
109,0.47184918,149,0.55236945,0.10133045,2.42442722,0.09936628,0.22282699,270,20571,6270
110,0.22649817,532,0.82837781,0.01293532,4.74625413,0.42369694,0.01336437,537,4189,5457
111,0.02873371,953,0.86756588,0.17423815,3.83560853,0.94763297,0.35789665,329,22996,4668
112,0.94465992,722,1.03808889,0.21603008,4.59760794,0.02481694,0.12998569,406,12834,2876
113,0.04622057,299,0.66816340,0.01353476,0.55408879,0.59966864,0.25658988,85,17255,6901
114,0.04706294,634,0.86652228,0.43166309,4.29788667,0.60326216,0.35202988,109,20884,4602
115,0.12587518,677,0.57043837,0.18595431,3.80310974,0.25868647,0.11596333,358,8519,7331
116,0.10673145,626,1.03997369,0.11936653,3.76352883,0.26122512,0.33148320,400,7278,3758
117,0.03523602,986,0.76525902,0.05669334,2.84663304,0.56909585,0.18947148,283,15557,4692
118,0.04917405,288,1.03255523,0.35801907,1.32445795,0.44481323,0.03549166,489,11347,4713
119,0.11821182,609,0.53163742,0.12432763,2.94871586,0.29335468,0.41538168,702,2032,6897
120,0.02504800,225,0.71804111,0.13370295,2.64219163,0.95423821,0.20766561,609,12604,7314
121,1.75184870,143,0.84579804,0.39294678,2.99680862,0.01698844,0.13430785,681,4501,4378
122,0.03758199,221,0.55212516,0.18862296,1.22808955,0.91491837,0.40680919,403,14420,2781
123,1.63251444,148,0.50578592,0.15889289,0.74414913,0.07257842,0.01770230,423,2169,3895
124,0.03596575,831,0.78996007,0.35367108,1.40626869,0.45461684,0.35754499,121,14044,5946
125,0.03258328,865,0.50791258,0.34592619,2.38839829,0.73487359,0.47508879,116,5247,3204
126,0.02683990,791,0.81747993,0.01565407,4.57791890,0.70348798,0.45269555,76,19224,6484
127,0.17751151,501,0.51914676,0.11475459,3.44708964,0.15066421,0.23246695,615,3139,6266
128,0.09073601,923,0.65685338,0.15753814,4.81039873,0.27435856,0.26570516,65,20666,4834
129,0.40628954,327,1.03509636,0.05209149,3.69227236,0.59348770,0.04195025,72,20021,6925
130,0.09356841,682,0.70826718,0.41652214,1.73523085,0.33565382,0.41205252,580,17884,2022
131,0.06666161,135,1.00058914,0.10285253,4.29921835,0.66447711,0.03907308,266,17848,3315
132,0.22204841,498,0.65918546,0.04559628,4.38006373,0.11993202,0.16158417,688,5705,6144
133,0.03544603,844,0.86822639,0.06142233,3.88271642,0.91847203,0.15994077,455,4736,5366
134,0.03464918,198,0.76812236,0.15812889,4.30127543,0.70329436,0.33656288,125,12395,5797
135,0.89206918,705,0.60037194,0.12228325,1.50512779,0.46552779,0.04563527,732,20473,2881
136,0.08095642,402,0.98724909,0.16270473,0.32634856,0.66416952,0.14332158,245,21648,3356
137,0.46148004,360,0.70680504,0.31615617,2.20112039,0.09604565,0.44184287,692,5194,4196
138,0.04067381,362,0.81816776,0.07065363,0.50651225,0.83896264,0.26611434,640,21387,7122
139,0.06103142,742,0.50001565,0.30857288,1.38851418,0.58707440,0.40978848,536,21734,6978
140,0.05420969,957,0.74829853,0.38983881,0.71185448,0.81810332,0.49482767,585,7448,3581
141,0.07505495,915,0.95669729,0.38213919,3.29242900,0.34085658,0.16702464,408,3205,5630
142,0.13579709,605,0.92245701,0.08245827,4.23512982,0.37862925,0.05435035,240,4752,3608
143,0.21341105,444,0.99364881,0.31055851,4.45273848,0.48949047,0.08088260,639,24404,3085
144,0.11565885,609,0.90742987,0.45415733,0.32889821,0.45112432,0.40189423,541,5757,5426
145,0.38239139,738,0.78528463,0.13433862,2.08398765,0.12573385,0.19056072,587,15969,4945
146,0.10090975,508,0.88855672,0.25172304,2.39996501,0.29771925,0.15627561,290,2488,3895
147,0.22640880,929,0.80777300,0.05887516,0.23122798,0.30212613,0.11157044,625,4290,3984
148,0.02555884,349,0.55838885,0.28580769,0.63812842,0.71802733,0.18040482,82,17330,6885
149,0.03183682,422,0.80506336,0.49981835,2.53082999,0.82154695,0.44106408,644,3376,6460
150,0.11407625,396,0.97548839,0.36567336,0.51278450,0.41902668,0.08206918,155,12186,7460
151,0.11948975,363,0.58484581,0.41953632,2.55671188,0.66312864,0.07883119,701,21900,2157
152,0.03751177,154,0.55322285,0.18102077,3.36545218,0.68068681,0.30171553,745,12398,5071
153,0.08472671,464,0.89983138,0.47923242,0.21724488,0.97181557,0.28300825,393,24318,5275
154,1.56183890,399,0.95959431,0.22423907,3.50045372,0.24606719,0.02558777,600,24514,7193
155,0.02901674,667,1.01494057,0.38081897,4.10560152,0.69854350,0.33237082,595,15877,3058
156,0.05723773,418,0.55758884,0.05891148,0.21346654,0.58676835,0.35772749,111,18772,4679
157,1.22820910,542,0.98405402,0.22837556,2.82861986,0.22137332,0.03576983,90,6937,3887
158,0.23057570,382,0.63018039,0.37370310,3.72048915,0.11286710,0.35044870,443,22938,4293
159,0.03121797,943,0.68005904,0.18501533,4.45077651,0.75063615,0.12248599,722,13082,4958
160,0.05714545,262,0.89487213,0.34242274,0.26516591,0.90527220,0.35554193,110,3156,7172
161,0.56551341,529,1.03156774,0.22752595,1.59059490,0.10092373,0.39775911,279,13152,3914
162,0.07570353,433,0.55882378,0.05373230,1.93934626,0.47732171,0.09207240,534,15671,4295
163,0.42322766,242,0.79401936,0.22826611,0.80029221,0.16489378,0.18356853,656,20116,5719
164,0.08223487,525,0.98768420,0.09203381,4.99982270,0.32069946,0.43831318,288,9526,4963
165,1.00727318,496,0.76860372,0.13707319,4.62203260,0.63607516,0.00348888,244,15648,4449
166,0.37976970,745,0.85627060,0.07152470,2.02920113,0.11716688,0.14892362,167,23258,4482
167,0.06021044,869,1.02946778,0.25381667,0.44406326,0.58338098,0.39807806,485,11944,6432
168,0.02116768,341,0.93177850,0.36016232,3.70874863,0.84458784,0.36817716,246,12564,5835
169,0.05265243,670,0.68248764,0.42804764,0.44191288,0.56075993,0.43432406,92,23309,6915
170,0.03653010,415,0.64432242,0.09169957,4.80670046,0.81664797,0.49434791,279,14574,3614
171,0.21892396,749,0.91168493,0.25989032,0.06546881,0.19088360,0.28204395,738,8078,4793
172,0.04690507,781,1.01847647,0.42656696,4.24445032,0.44617448,0.25206829,239,10558,5934
173,0.08776388,738,0.63552452,0.35562323,3.83550836,0.44412853,0.40443389,713,16391,3000
174,0.08382300,134,0.83990525,0.04632324,1.05833533,0.39691079,0.49915760,470,17779,2339
175,0.07105003,581,0.81456323,0.14178432,3.70918273,0.36359815,0.42075813,477,15032,2901
176,0.27662004,192,0.56125771,0.09495138,4.67688653,0.08090821,0.05584355,656,10645,3740
177,0.11581345,471,0.62465067,0.27039687,4.15878406,0.30290111,0.46821284,159,12527,2481
178,0.04573002,338,0.86472056,0.48762343,3.74406823,0.59555168,0.19354728,399,24169,5411
179,0.08882094,806,0.75151588,0.30832884,3.04886547,0.29658726,0.44251074,639,16522,5269
180,0.06697938,127,0.83576989,0.46279492,0.15738077,0.93329133,0.24169896,485,19295,2354
181,0.60073670,351,0.63856142,0.15001325,0.77419867,0.11811285,0.37276286,211,6855,5826
182,0.02667766,716,0.92365947,0.24929214,1.88862950,0.75640402,0.23029080,390,6111,7157
183,0.04865847,108,0.81897958,0.24497219,1.40040994,0.64565985,0.33480124,486,20130,3344
184,0.03694633,463,0.87288940,0.12127486,1.73529853,0.70448576,0.37836880,221,9920,2770
185,0.06234945,706,1.03811438,0.46974016,1.00567702,0.93769392,0.38593536,730,20202,6805
186,0.02516767,413,0.81523522,0.30469000,4.24527734,0.84343636,0.27042142,330,10255,4949
187,0.21489896,329,0.64056537,0.17095398,3.12562263,0.19973450,0.30558579,527,7393,2779
188,1.37812356,586,0.99552197,0.04442945,1.56065112,0.03802414,0.38278095,122,9126,4512
189,0.06490245,804,0.62150330,0.24993366,1.48416379,0.44416237,0.41633278,599,3106,5995
190,3.14690713,305,0.97109914,0.02118702,3.18818089,0.10593400,0.04956020,329,19438,5707
191,0.08745608,610,0.63503961,0.30734982,3.03228695,0.42889463,0.48473832,392,13187,3145
192,0.02303186,594,0.69804694,0.27380712,2.15181106,0.97006275,0.26376038,338,9126,2643
193,0.10999609,480,0.61168118,0.23917437,1.56146561,0.26487452,0.44985593,389,6831,7486
194,0.10128957,536,0.66711669,0.13822195,2.27130531,0.88532458,0.09048653,675,13999,3637
195,0.04279800,843,0.73076004,0.49429584,3.49169900,0.53109718,0.24676674,527,22270,4695
196,0.24102094,253,0.92463490,0.24235940,2.99797255,0.17482912,0.23231344,232,10620,6056
197,0.17887145,663,0.75211768,0.25323149,0.47857722,0.34036770,0.39818090,558,20768,3185
198,0.02283940,920,0.59203008,0.47027859,3.09077426,0.95161793,0.12967908,133,2827,7268
199,0.03290033,116,0.97716772,0.37390984,4.14674270,0.96002336,0.03651764,63,12927,5431
200,0.10178853,902,0.50688897,0.32428408,4.30927251,0.30943540,0.23635587,229,2264,6511
201,0.02725349,169,0.96619488,0.19464399,2.74040997,0.79146921,0.47665872,72,14479,4485
202,0.03645365,312,0.52234186,0.10368405,4.62437527,0.96071697,0.38235768,254,11561,4001
203,0.06269401,864,0.67788325,0.12606047,3.34963128,0.98562704,0.49774686,282,10029,2979
204,0.04760608,163,0.52076146,0.21860394,1.80631060,0.61561222,0.37265305,207,21704,3839
205,0.03514073,992,0.89822747,0.24271385,4.29088922,0.81796378,0.18452646,377,2845,3645
206,0.10770798,873,0.72176823,0.30218463,4.62838614,0.30869580,0.20863094,194,11945,2049
207,0.06827376,398,0.67136472,0.43172107,0.20772816,0.64976691,0.17240247,683,6582,3224
208,0.24692394,895,0.81735927,0.25754155,4.13130498,0.24733256,0.12648799,50,23181,6199
209,0.15628931,772,0.93584736,0.04557193,2.91720402,0.83593366,0.40198038,616,13027,5236
210,0.04880022,267,0.63443281,0.42910973,3.52715502,0.68064286,0.46181808,577,2152,4597
211,0.31539057,803,0.80540842,0.08093135,4.08210186,0.60425609,0.09132215,226,17764,6888
212,0.03221055,845,0.78935417,0.36862193,3.21448707,0.87370063,0.10168553,136,17751,6638
213,0.59134728,722,0.74616978,0.26414165,4.38633036,0.04011405,0.26203436,321,17082,3258
214,0.03094784,677,0.70447943,0.15928732,4.41452451,0.96139849,0.29167171,152,5315,6883
215,4.69854371,648,0.85031001,0.37616895,1.09573167,0.03404052,0.07857858,710,22376,7028
216,0.15428953,401,0.70652484,0.14703362,2.51851446,0.24113119,0.17946747,691,7504,5136
217,0.62429860,359,0.68798319,0.19566604,4.54964949,0.04459384,0.26403787,402,12548,7055
218,0.12295605,977,0.68331472,0.15336344,2.94111226,0.35297841,0.35737788,141,17131,2678
219,0.85918983,600,0.85424921,0.48770523,4.37163964,0.02963516,0.39688003,179,16382,5499
220,0.05909224,412,0.90541652,0.15171404,0.03220073,0.81244852,0.31373629,549,21536,5145
221,0.06379302,578,0.86677198,0.01832131,0.48329035,0.63839001,0.20315390,459,13130,4378
222,0.03703066,110,0.64438982,0.27864379,4.65350391,0.89784893,0.32959325,299,10420,7034
223,0.04971029,249,0.51550788,0.39004184,0.45416612,0.91917172,0.01991923,690,8500,5655
224,0.12267502,347,0.51332440,0.03263037,2.16465310,0.31499380,0.40373746,411,7816,3022
225,0.02566154,307,0.64205538,0.19401925,4.76017211,0.91817016,0.26120302,651,11468,7110
226,0.03421465,185,0.63668587,0.24623852,3.01224997,0.70533050,0.32878350,242,20458,4263
227,1.73902235,736,0.59206789,0.06614427,2.89255279,0.90128658,0.01060225,581,12921,2102
228,0.04679292,902,0.91146171,0.17911836,2.21130468,0.44871137,0.07757158,710,15017,6479
229,1.36072044,557,0.60152083,0.16289547,1.88694584,0.41323993,0.00397576,562,14008,2732
230,0.60715342,440,0.93394633,0.07832830,4.11835939,0.24348082,0.03966574,265,17272,7282
231,0.42379856,247,1.01546760,0.29699785,3.35323559,0.04737465,0.41084455,54,23196,4642
232,1.01511544,131,0.93607333,0.03846275,4.19401247,0.02969871,0.41982376,484,15574,6748
233,0.04229148,147,0.92798145,0.33647434,1.23950265,0.74523503,0.42976160,495,7842,3414
234,0.09004786,981,0.71390279,0.25251488,2.87959458,0.43488518,0.35172571,727,14529,3374
235,0.10067180,788,0.96365146,0.41974017,3.51251735,0.26645708,0.40652794,231,19684,5414
236,0.05028335,230,0.59643212,0.10584871,4.11316467,0.50956617,0.07004285,98,17476,4545
237,0.06002510,421,0.54256315,0.19005832,1.17808020,0.43270014,0.25175043,691,16828,7162
238,0.05459075,105,1.01907432,0.29344752,2.28127907,0.47114215,0.33567238,616,6257,6130
239,0.03674911,861,0.91108577,0.35096517,4.31143755,0.80253550,0.36059274,391,10995,5786
240,0.08170612,403,1.01016890,0.30225489,0.34940467,0.59503975,0.48122585,225,4673,6414
241,0.14158750,843,0.66377352,0.22823190,1.65826162,0.15123075,0.13648890,193,6601,6562
242,0.19194713,999,0.74282517,0.10551121,0.04313718,0.18779918,0.48054963,651,16945,3287
243,0.06358582,668,1.04724604,0.17090805,4.44999624,0.58591561,0.25547556,675,21690,2169
244,0.02933331,918,1.04856432,0.16703225,3.29684233,0.72135051,0.21232745,736,8439,5645
245,0.04070737,674,0.56392815,0.23418059,4.54991720,0.69893276,0.39708517,514,23628,3695
246,0.58418366,425,0.66764042,0.31256652,3.96752513,0.20963315,0.02808782,446,8412,5813
247,0.02159698,722,0.64083327,0.36701536,4.49555476,0.98469510,0.16849363,382,17946,6562
248,0.67792877,881,0.50348845,0.20518636,1.73896174,0.73309172,0.02147819,156,22008,6359
249,1.21823410,377,0.55909729,0.16975707,3.96542881,0.03888836,0.13960413,111,21868,7207
250,0.06391987,998,0.79420897,0.46231346,4.80107628,0.50624387,0.09315654,335,7185,6451
251,0.08142199,581,0.88230186,0.13107878,4.75406131,0.43294825,0.49736721,576,2726,2541
252,0.19925782,736,0.64562607,0.30092221,0.57834379,0.26892301,0.34377128,195,13020,3178
253,0.17810079,314,0.76336438,0.03092841,4.38049288,0.24710015,0.30810929,659,13456,2421
254,0.02319615,643,0.66004575,0.32421494,2.66964652,0.97567735,0.28524400,571,13779,4891
255,0.16605021,152,0.65521270,0.01576781,1.95074832,0.20558801,0.07836248,613,17718,3496
256,0.02677466,629,0.61167282,0.08472348,3.26304022,0.91723588,0.31161935,223,12351,5624
257,0.05799521,982,0.78174938,0.12181914,4.43692419,0.68665843,0.26412115,731,8442,6761
258,0.67152440,925,0.85329558,0.28257613,1.60649016,0.28060554,0.02603522,248,6052,5371
259,0.44649636,470,0.72911472,0.42742455,4.58211450,0.94426840,0.04593749,580,24603,3642
260,0.07632090,844,0.72949404,0.36546670,4.07142725,0.38888085,0.18341916,177,5461,3229
261,0.14231869,126,1.04688025,0.07515992,4.35688622,0.39785423,0.02842663,195,10898,5628
262,0.10554913,550,0.74770966,0.07047689,1.85276535,0.26624269,0.35195359,553,16773,5567
263,0.03811063,910,0.93958194,0.28562967,3.09419398,0.98985679,0.21680663,95,9866,5350
264,0.60917239,440,0.64532029,0.18612480,4.14265733,0.07583248,0.37128334,122,18680,3597
265,0.10140526,874,0.56518836,0.28398072,4.21964394,0.24288733,0.42788591,732,4429,7138
266,0.04624521,752,0.98799221,0.24297003,4.64252281,0.45259878,0.07967020,214,4850,3604
267,0.09996235,955,0.79671434,0.49739681,2.88890551,0.55069955,0.16258245,345,20607,4890
268,0.05014067,181,0.51839619,0.27614005,1.40025691,0.66938407,0.06060412,383,10948,2336
269,0.06726876,933,0.91398642,0.37544376,0.84780190,0.34707571,0.35725265,419,4409,7068
270,0.09970045,876,0.85043027,0.21951317,3.62307093,0.30126207,0.23789893,175,19959,7187
271,0.05296797,248,0.68545049,0.38810295,2.68297213,0.55138687,0.29641644,365,16774,3471
272,0.48744934,456,0.86915530,0.22318794,0.48995082,0.84998830,0.04930192,92,14863,3504
273,0.19777404,305,0.91147480,0.47930240,3.96194383,0.12331286,0.02276998,602,4190,6844
274,0.15686147,170,1.03322312,0.32144347,3.78997583,0.18610178,0.38156761,485,2301,5619
275,0.22823181,107,1.01028947,0.15892935,4.44465558,0.43023519,0.03972228,106,13529,3084
276,0.07549932,434,0.68289377,0.28789476,1.00226525,0.38902658,0.49631152,314,11944,2694
277,0.21224783,992,0.99827773,0.09708643,0.23906664,0.46843864,0.37037466,420,10287,2144
278,0.16782624,936,0.80032965,0.13343879,1.46163882,0.19402845,0.15309331,150,7586,7301
279,0.04435466,684,0.59659728,0.34699550,4.69870686,0.59953910,0.09959973,393,5891,6324
280,0.05908281,578,0.59501885,0.28633027,4.45752888,0.52410281,0.23423102,560,19514,7111
281,1.08545955,726,0.52492974,0.10014258,2.48237722,0.04854381,0.16391577,391,19036,6615
282,6.06525910,786,1.02496295,0.40468922,2.62833946,0.07167479,0.03873769,173,19046,4664
283,0.24149273,551,0.82028981,0.12057603,4.28909559,0.10459672,0.15197390,586,5606,4070
284,0.05563063,192,0.70231937,0.03605994,0.39596802,0.52164467,0.39561917,505,22260,5187
285,0.03676386,259,0.99342825,0.41859629,1.86564878,0.87554026,0.30642562,338,16154,5654
286,0.03173936,917,0.89668379,0.34713632,1.30805830,0.84475938,0.39277153,230,5692,4071
287,1.08659645,429,0.79738616,0.12485244,0.54502834,0.06002895,0.47969762,186,12965,5083
288,0.08243973,104,0.86325454,0.35600447,0.32066756,0.39829482,0.46509209,643,7965,6752
289,0.05861740,406,0.90562821,0.22737336,4.48923250,0.47962107,0.35472726,227,13568,4789
290,2.94815167,899,0.65290908,0.13546534,1.66952870,0.03599698,0.13911252,363,5424,5323
291,0.89755573,298,0.89646655,0.21506866,2.25979574,0.08377044,0.01297786,150,4748,5148
292,0.17722817,802,0.85843879,0.26100990,1.14004920,0.31077394,0.10431468,609,17342,2691
293,0.04632218,678,0.59560639,0.49208303,1.34377028,0.81818662,0.25662733,663,17027,6004
294,1.46793643,848,0.94516550,0.39312620,4.14978748,0.45661631,0.00618143,462,2493,7256
295,0.22708623,101,0.69415816,0.43060135,4.93946580,0.12592267,0.43325554,288,17966,4910
296,0.07197046,749,0.71209089,0.17272405,4.92757320,0.38019325,0.41529059,194,15569,5064
297,0.09561581,294,0.99848057,0.11233193,3.32908382,0.35836527,0.47373967,460,2220,5955
298,0.50342892,422,1.02346040,0.45474157,0.60910359,0.98417386,0.02287380,743,6385,2340
299,0.04187997,889,0.58439264,0.36857606,1.17783398,0.83010297,0.24545945,668,17927,5410
300,1.69154330,416,0.63542677,0.02564798,4.13608286,0.18057412,0.00227065,727,3536,3219
301,8.43884421,203,0.93174480,0.20583160,4.05664526,0.02473428,0.38012277,551,21613,3231
302,0.03707412,830,0.66073402,0.35159852,3.17216550,0.68695598,0.26062114,430,4034,2385
303,1.32092220,729,0.80864550,0.28169917,0.27940428,0.09912295,0.01620031,188,2423,4961
304,6.76383844,942,1.04902143,0.26904211,1.27131496,0.78019534,0.03934300,69,20417,4173
305,0.02016243,933,0.86496306,0.45801390,2.38550135,0.65466676,0.19510792,600,6430,7366
306,0.05068237,247,0.97617115,0.22979058,2.23724076,0.82736316,0.13662170,185,14219,3229
307,0.02071622,724,0.69229364,0.22260507,1.92656886,0.76243247,0.43859602,310,20001,4974
308,0.04192893,158,0.70675691,0.26038721,2.56031880,0.98624822,0.29428157,295,10146,2444
309,0.13175925,385,0.64623597,0.01381158,4.18270187,0.24546072,0.18729225,473,17575,5134
310,0.08325555,504,0.56529500,0.42946792,0.49422991,0.91785500,0.20097092,615,22050,7294
311,0.03830483,294,0.80757587,0.04396787,1.41859858,0.54668725,0.45356691,197,9850,3800
312,0.07330769,460,0.79091868,0.27751967,0.06347662,0.45676486,0.31543126,67,24697,7332
313,0.15355557,924,0.52588626,0.28788355,3.45644902,0.31728979,0.14228428,702,2631,3399
314,0.79752896,843,0.84207756,0.30496633,0.28742408,0.21272946,0.09579537,696,16094,3606
315,1.11064629,138,0.58665536,0.46686765,4.75002475,0.14451446,0.00562501,241,5929,5700
316,0.04520821,777,0.74909812,0.18377958,4.43421458,0.74775956,0.19330874,633,18089,6824
317,0.08264861,326,0.98933700,0.18628221,0.37766301,0.57032312,0.39320531,693,21427,7201
318,0.09451745,316,0.76097402,0.34035421,3.20324608,0.52888968,0.49174246,668,17116,3112
319,0.66770434,779,0.77589577,0.40296191,0.29586587,0.12256570,0.34939983,485,21045,7164
320,0.06383022,209,0.59809458,0.20481367,1.08436414,0.80928463,0.22336977,633,24173,4517
321,13.82215377,487,0.99473404,0.40552276,2.83182097,0.09428086,0.01317307,556,16812,6656
322,0.03182353,738,0.85555561,0.20645928,1.41005390,0.54796991,0.35115253,477,4136,6225
323,1.12184429,609,0.95922021,0.31945192,3.79434113,0.02623325,0.15853528,495,3044,7039
324,0.01798881,967,0.65097447,0.13354592,2.48131787,0.97632215,0.29834337,173,21345,5322
325,0.35608385,680,0.66567465,0.45998508,3.29301934,0.08577764,0.12123743,740,3512,4542
326,0.03158829,328,0.66161921,0.01306609,2.19601079,0.92280211,0.11217598,695,14871,3536
327,0.07634536,162,0.87455720,0.26336703,0.33743470,0.75726877,0.47029760,514,6079,2407
328,0.27482641,921,0.64844405,0.22815529,4.07719149,0.17979553,0.44250229,523,24945,2057
329,0.08621158,787,0.70891465,0.22208271,3.47732803,0.46069534,0.15910047,700,13537,2153
330,0.17968947,388,0.97172808,0.32158353,3.03892018,0.21818991,0.10037134,137,7876,3859
331,1.01209432,393,0.88659826,0.10591638,0.70793246,0.12128622,0.47188733,248,9665,2211
332,0.13203101,738,0.57447501,0.45765440,4.49724109,0.22873502,0.47008392,302,3211,6419
333,0.06371628,841,1.04273789,0.10433496,2.80639581,0.34470727,0.47026872,124,6412,2014
334,0.05072817,283,0.76964869,0.47019397,0.69024734,0.69248282,0.31958764,714,11909,2457
335,1.97737532,694,0.89549645,0.11300584,4.96698909,0.73153629,0.01732074,423,14579,6369
336,0.02762299,410,0.67723758,0.36133798,4.34250474,0.93201633,0.31089015,362,21443,6243
337,0.13394242,392,0.90086917,0.17716173,3.97206190,0.26195826,0.27320232,299,8265,5922
338,0.03864394,751,0.91492776,0.34816315,3.40284489,0.95044504,0.27839852,458,20460,6232
339,0.03836215,225,0.98676934,0.11922977,4.53322290,0.86011137,0.35802093,582,10652,3542
340,0.03555617,764,0.69328506,0.30531929,1.95862999,0.52596772,0.06634214,89,16066,2699
341,0.36540575,413,0.91323820,0.01814905,3.11287498,0.08832172,0.47367747,693,20904,4977
342,0.07331439,988,0.71285510,0.05539794,0.93902198,0.41238366,0.44776134,189,24934,3463
343,0.05778053,995,0.57848139,0.35694066,3.07519189,0.58500534,0.42164752,207,20157,3454
344,0.04673264,354,0.73722588,0.06581391,4.17683452,0.63535755,0.48776517,535,2691,6985
345,0.03821506,835,0.57424642,0.03403592,2.35653237,0.79579640,0.46343770,411,4438,4507
346,0.13907151,389,0.79261444,0.04142331,2.06641122,0.19924043,0.09285613,692,7752,2715
347,0.57334735,793,0.80859221,0.36783697,3.91615513,0.12138007,0.16004272,195,9899,2229
348,2.17895337,838,0.72167853,0.38281772,0.88375951,0.02972895,0.34035341,184,7410,5553
349,0.19953294,310,0.53617936,0.35464573,4.38671044,0.13564967,0.35044961,197,18267,7425
350,0.14065002,555,0.50269821,0.05009346,3.72278726,0.19064856,0.47115354,721,15996,6643
351,0.10148345,495,0.95438411,0.07865710,1.12184529,0.95637184,0.30670642,715,17408,3117
352,0.19936651,138,0.91304751,0.33234724,2.47280222,0.31850330,0.06541949,225,21945,2572
353,0.59753437,865,1.00865518,0.38171583,0.03433228,0.13217507,0.39517407,476,22863,2538
354,0.15352147,678,0.96417689,0.18844729,0.20458458,0.60057766,0.42654254,242,17748,3429
355,0.01500512,688,1.03768274,0.45984146,1.31486991,0.81344734,0.12477314,271,9506,7259
356,0.78864366,903,0.63497510,0.49310157,4.56966387,0.70762643,0.05901274,114,18548,6690
357,0.06570946,996,0.83458883,0.15633701,0.30264044,0.63666128,0.16991820,188,15986,3970
358,0.15040582,135,0.88645773,0.01592910,4.48159991,0.25463408,0.42697373,297,20690,5310
359,0.02919628,750,0.67388073,0.24520614,2.43184567,0.64304800,0.32023076,316,15929,6896
360,0.06206042,420,0.65948010,0.25332404,0.45707389,0.58944333,0.03467329,269,14033,3077
361,0.21456969,307,0.84863735,0.20346161,1.46005061,0.20527381,0.15512530,525,22332,2836
362,0.07422159,382,0.56897552,0.29189760,0.65135096,0.37251567,0.42435635,67,19754,6795
363,0.07207891,992,0.69464613,0.47611643,1.07377606,0.39990059,0.24754915,255,21694,5895
364,0.12746268,586,0.57888580,0.42053105,4.51730408,0.98607280,0.11031502,581,21430,4558
365,0.03746153,700,0.98562698,0.24449112,3.21805124,0.87864312,0.11827959,187,14679,6302
366,0.02095342,943,1.03662362,0.17188818,2.16023025,0.77077591,0.04874480,624,9511,4013
367,0.05388105,321,0.82633435,0.42219677,1.42517718,0.37884154,0.33340145,186,7658,7163
368,0.12970689,130,1.02573516,0.31864622,0.66745334,0.51715838,0.17494034,533,19816,3345
369,0.07966661,151,0.53521394,0.01375616,3.18584924,0.53204738,0.30323528,255,2030,2228
370,0.53457714,789,0.57786579,0.17290670,1.27515911,0.12281501,0.39455733,620,17810,6127
371,0.02060148,629,1.01470125,0.26358129,4.13900546,0.92493555,0.47595323,481,6431,5200
372,0.05033496,299,0.86200983,0.33178246,0.46131057,0.90065534,0.26176999,292,2034,7158
373,0.06530679,411,0.76081218,0.04954398,0.43457418,0.69119045,0.48798610,129,4617,3921
374,0.06316091,595,0.82165637,0.05246086,0.24022490,0.52366733,0.41359612,372,12851,5837
375,0.03155645,442,0.99806548,0.08529264,1.87654015,0.95765941,0.29932447,218,12473,7061
376,0.08800571,938,0.95139817,0.22188145,2.15183188,0.25014172,0.24439907,246,13244,6177
377,0.08465268,145,0.84732668,0.22559968,4.88207034,0.55882887,0.03817597,205,4594,4115
378,0.02908660,496,0.77678087,0.47413807,2.94604408,0.77031545,0.45523793,283,19544,6695
379,0.07940640,198,0.52844756,0.01867378,0.64740885,0.42968460,0.47305465,262,8692,2852
380,0.10045757,839,0.67404175,0.39733289,0.34090360,0.35358926,0.40548826,414,22256,5118
381,0.03986217,774,0.83621662,0.34267225,2.29805830,0.74878818,0.41149155,588,15601,5918
382,0.06165222,782,0.68735330,0.17323034,0.30186856,0.72407328,0.07927900,206,24530,5121
383,0.08692530,548,0.81258395,0.30892196,0.47806536,0.39169673,0.40339985,255,10630,4697
384,0.54426157,811,0.50873188,0.12196385,1.82625191,0.11299033,0.43424422,443,8670,3770
385,0.10199481,753,0.66956602,0.37364511,4.71834708,0.33793376,0.48349965,214,9322,6686
386,0.08970641,939,0.70768686,0.13569346,3.83511254,0.30837012,0.36165047,551,10396,2761
387,0.28968200,357,0.64120005,0.08066167,3.59492507,0.07017623,0.45417266,221,18855,2725
388,0.03951140,982,0.91231276,0.30749437,4.96154970,0.88878008,0.05619989,655,8776,4880
389,0.03974357,720,0.67973706,0.38720406,3.44954295,0.95232816,0.22330759,305,12994,4896
390,0.15093461,197,0.60986577,0.34006481,2.18019470,0.23926626,0.40681655,458,5097,6495
391,1.51168064,889,0.73960796,0.08277662,1.24585988,0.08854410,0.12900087,398,6326,3058
392,0.03851110,167,1.01013207,0.41382210,2.80403236,0.97407045,0.30484167,405,17360,4346
393,0.07471523,397,0.89231408,0.49040692,0.35268681,0.72848563,0.23748026,618,12951,3433
394,0.04079042,679,0.77745054,0.38677714,0.93036535,0.48522252,0.38484332,268,20039,5297
395,0.05256771,199,0.92177465,0.03383471,4.19156119,0.69546673,0.25441253,295,4833,5950
396,0.46103468,758,0.86760220,0.42758653,2.58819404,0.10653148,0.24018435,725,13514,2248
397,0.03465595,107,0.72458226,0.42018852,2.05234214,0.93292334,0.09633892,301,22994,5355
398,0.24262981,813,1.04453759,0.27571148,4.46222563,0.20501268,0.35037947,721,16934,4146
399,0.09001738,690,0.80500098,0.24253529,0.73998522,0.35233132,0.01330881,319,3411,6151
400,0.29457382,175,0.80629075,0.41992587,2.57885088,0.19494815,0.31139026,224,8600,3319
401,0.03084561,802,0.70901613,0.39704560,4.16447909,0.80331201,0.20312018,505,3143,5613
402,0.03325172,230,0.67844740,0.06748068,4.71078981,0.86045013,0.14056616,177,2466,5227
403,0.02239220,776,0.89518887,0.04980783,3.75875898,0.89381433,0.32536116,727,22950,4445
404,0.58832649,882,0.64054704,0.32299249,0.37939705,0.91685721,0.01420784,442,23447,2722
405,0.01974561,915,0.76342241,0.44876223,3.32043731,0.89358981,0.42023539,200,24663,6670
406,0.03921988,269,0.50498295,0.24863288,2.39292450,0.75812501,0.24006005,356,23793,2286
407,0.05352842,603,0.85709083,0.17174192,0.82210929,0.89925677,0.17729810,593,5592,5685
408,0.05889158,229,0.83488896,0.43648464,1.43285999,0.81729791,0.38742812,200,21603,2014
409,0.90419511,420,0.61364192,0.08728920,2.50739244,0.06144974,0.22855115,233,4359,4362
410,0.04082339,261,0.85779533,0.37568731,2.15512461,0.60760068,0.13723054,334,6104,4359
411,0.23810163,131,0.80061599,0.43109317,2.82255208,0.17395579,0.14585753,519,3467,2401
412,0.04178556,193,0.94384697,0.02786427,3.04262671,0.76920687,0.09437524,400,15007,5821
413,0.12390556,607,0.98363159,0.33525677,3.01634567,0.24643836,0.49788931,419,2149,3764
414,0.80336650,745,0.78417500,0.07443905,0.96682911,0.13255671,0.04910838,609,17853,2650
415,0.63430754,520,0.50970323,0.33865016,2.64723725,0.08461014,0.17277400,182,4904,2663
416,1.61538394,483,0.98082619,0.45023102,1.29853006,0.06795067,0.08148713,222,8137,3383
417,0.02227413,255,0.79117881,0.48928459,4.76228700,0.93639839,0.20124466,514,5871,5632
418,0.08813952,378,0.86472929,0.12945809,0.02311762,0.49996349,0.07932568,392,21133,7429
419,0.05259320,139,0.88277329,0.23282958,3.52930107,0.52322865,0.26771139,150,18756,5985
420,0.49832939,168,0.65256972,0.04987197,4.48771583,0.07027298,0.20096771,332,24214,4763
421,0.09375174,614,0.55617566,0.08190193,1.76311559,0.35770537,0.40170361,78,21057,7454
422,0.06978116,622,0.88976888,0.28169881,1.25727846,0.69231214,0.03886976,289,11696,3517
423,6.41787640,846,0.74586138,0.11856665,4.08109591,0.18278959,0.35817455,211,22359,4246
424,1.30034924,754,0.74554808,0.18243814,1.36895115,0.68986767,0.02928004,434,20203,5756
425,63.14890099,731,1.04559991,0.49618583,1.14687176,0.07140891,0.00418791,633,12310,3047
426,0.34260453,855,0.59404613,0.14539679,1.96939897,0.76352793,0.08000205,347,21984,4861
427,3.20000072,795,0.75589844,0.30865084,1.53863659,0.47435966,0.00176471,605,17408,5648
428,0.09617086,710,0.87833566,0.05982041,1.03614351,0.33780183,0.14237934,238,3716,6172
429,0.04605203,155,1.01803816,0.42567857,3.70301020,0.55633436,0.28096136,595,18268,7079
430,0.10484283,715,0.54737167,0.31000428,2.61682136,0.36587416,0.21192313,164,4163,3626
431,0.05876876,551,0.70463296,0.06629686,0.21348991,0.55458970,0.40357108,744,14106,4085
432,0.53742898,791,0.91096206,0.39588015,4.84898927,0.01933386,0.47200556,225,24087,7129
433,0.05591140,106,0.90419846,0.37587692,0.83146194,0.48109916,0.23631489,146,18425,5216
434,0.09988686,904,0.66986378,0.18479399,4.54673131,0.26070910,0.47507024,697,19232,5535
435,0.03519136,511,0.97087093,0.09030267,0.92198973,0.47271671,0.32332801,342,24012,7369
436,0.05716295,432,0.83802597,0.33767888,3.41084474,0.51934528,0.30453530,156,7095,4419
437,0.29311800,787,0.85089251,0.27753465,3.73577336,0.11886111,0.47473458,664,21866,7088
438,0.04370060,967,0.79292635,0.40744075,4.36047409,0.62817431,0.06365524,600,5475,3003
439,1.80001659,597,0.85529980,0.21007450,3.87701715,0.72627756,0.20865753,112,20802,5115
440,0.03024581,154,0.83791760,0.16864140,4.98344520,0.67514538,0.31656010,162,23528,2647
441,0.41299888,283,0.85582524,0.06886196,3.39344796,0.14594804,0.44235984,177,17444,2269
442,0.06100886,582,0.56716680,0.15853963,2.45674007,0.52291267,0.45332505,412,22019,3919
443,0.06057326,472,0.99292316,0.10043542,4.97736316,0.49165273,0.13385378,494,19594,6449
444,0.17999641,532,0.65737578,0.10467003,2.73523039,0.20162521,0.38270453,162,2096,4094
445,0.03330524,660,0.60933671,0.41288396,2.65521455,0.62963983,0.32362422,109,22394,7374
446,0.03392273,944,0.73366088,0.03787738,0.74694830,0.64085444,0.17909475,617,14381,5272
447,0.72043157,474,0.66299283,0.44876733,0.31457353,0.10819979,0.21949244,545,24129,3679
448,0.02059986,632,0.97182141,0.40889034,1.92896212,0.71396066,0.17103387,87,5948,6393
449,0.07753819,422,0.69369209,0.48718650,1.80491748,0.37277161,0.28039766,420,24176,5984
450,0.03766238,475,0.78870707,0.41705336,0.34103253,0.82846960,0.41447042,173,20667,5993
451,0.03390113,576,0.52135663,0.14849092,1.00120614,0.79179845,0.05018390,337,16800,6985
452,0.23501996,478,0.72666450,0.24326638,0.19209739,0.10845620,0.15891911,346,6854,3732
453,0.04449560,485,0.57104380,0.31060946,1.83322896,0.51444609,0.36997753,614,20152,5554
454,0.35563957,905,0.67044079,0.18126143,3.80809419,0.18508391,0.34701254,101,17971,3250
455,0.05325158,225,0.69298381,0.47913040,2.22534910,0.81886469,0.19475719,257,9218,2477
456,0.04943708,549,0.62939590,0.06933891,2.20431568,0.51616041,0.28710766,229,5276,4612
457,0.82578091,676,0.85362457,0.31097473,4.79485143,0.61482016,0.01617395,713,9129,4481
458,0.02789766,554,0.52829508,0.21398381,1.34600142,0.77283532,0.20947547,597,16283,3569
459,0.04112907,720,0.76952241,0.19786237,0.93500601,0.59557159,0.34347101,516,2784,5139
460,18.28780492,950,0.63307713,0.29962552,0.72917273,0.01630568,0.09758386,643,20995,3860
461,0.03258312,317,1.04661736,0.36771926,2.31751129,0.65748902,0.46963134,312,14457,5330
462,0.02582727,760,0.64232909,0.11342295,4.15024331,0.90768525,0.47488578,158,8167,6538
463,0.02900081,818,0.71627762,0.32920071,1.11679705,0.73971256,0.32243580,439,7670,3235
464,0.18559234,966,0.60884036,0.04338030,3.05697959,0.18917038,0.22973552,607,19339,7420
465,0.04382117,218,0.70410588,0.15127677,1.03401656,0.51250142,0.43860293,545,16219,3979
466,0.05964334,594,0.72345847,0.36906029,0.07961908,0.85517505,0.27666623,257,21470,4952
467,0.06358132,149,0.98503608,0.17951179,0.86110085,0.60272952,0.35095075,322,22675,2873
468,0.60699606,661,0.59603592,0.32922122,1.15646248,0.11859138,0.22584747,568,9315,5750
469,0.04130282,740,1.03904934,0.24444577,2.41823970,0.44729708,0.38822848,242,4035,6972
470,0.02983990,739,0.97087380,0.26454488,1.79777190,0.79091151,0.13510391,315,19238,5017
471,0.07871489,304,0.91863754,0.42896247,0.52081460,0.55169814,0.46721935,420,5842,2192
472,0.55178782,578,0.91352716,0.02204802,1.34906330,0.12373113,0.36268022,355,22564,3603
473,0.05935565,346,0.99887306,0.15195516,1.54996543,0.31493121,0.46685582,449,5498,6606
474,0.08938571,882,0.85900455,0.27079622,0.34782995,0.95741262,0.09875593,217,19055,5063
475,0.02314895,926,0.93188728,0.32134283,4.85133247,0.86578362,0.22715782,375,4792,4550
476,0.17063854,202,0.83586898,0.27679662,1.77019516,0.19172057,0.24385702,598,9035,5540
477,0.05785680,139,1.04286936,0.20097324,4.45806971,0.62244976,0.25803733,443,5708,2910
478,0.09801298,855,0.76759138,0.04982766,4.73458564,0.24980971,0.09759252,392,18529,5309
479,0.09242499,173,1.04168691,0.17730450,3.21698934,0.36181402,0.09079513,256,3988,4355
480,0.21367539,857,0.64087385,0.37519649,2.89712838,0.17213662,0.17699760,659,9784,5161
481,1.37850516,170,0.82981853,0.02245185,4.88842209,0.21402078,0.01526999,113,22511,7278
482,0.06995452,686,0.60910881,0.38517576,3.76867531,0.44961457,0.44981442,540,6782,4826
483,0.04322554,412,0.79002631,0.44245646,1.94413372,0.54238146,0.35887599,158,4514,5735
484,0.02326002,844,0.76263714,0.16301726,1.77053686,0.91628651,0.14134989,634,19042,4471
485,0.07764250,188,0.82907431,0.05288436,4.68641924,0.44323970,0.19819647,457,23722,5505
486,0.04392069,490,0.53291711,0.02111490,0.81619407,0.62506446,0.47511759,579,19131,6442
487,0.06190596,760,0.99295609,0.38592972,2.85993926,0.36150143,0.22288096,550,16321,6138
488,0.03562455,178,1.01943417,0.42839619,2.25744987,0.83601463,0.30964907,130,2188,6226
489,0.12508023,756,0.66305462,0.32438724,0.26806323,0.70992317,0.05940628,324,22229,2323
490,0.03360195,699,0.70523931,0.49487110,4.15813502,0.94405805,0.16530145,455,19361,4779
491,0.12442526,112,0.98419568,0.16444123,1.53601439,0.25189570,0.06847297,493,9890,5781
492,0.08726743,198,0.70649486,0.35743481,2.83319550,0.42368244,0.07159366,515,5064,2701
493,0.07737040,895,1.01254872,0.14820762,1.93914089,0.67352493,0.14935491,323,7488,2505
494,2.26166387,281,0.50441360,0.21478977,3.39066549,0.02990351,0.13802902,552,15811,2811
495,0.11606377,795,0.76158699,0.39336208,3.12140288,0.44912277,0.10424404,230,11622,5971
496,0.12378733,883,0.82273323,0.11772452,4.83162699,0.15587834,0.10998005,512,3720,4785
497,0.04192962,364,0.55263599,0.15421871,4.58722177,0.77109300,0.28805490,414,14745,3654
498,0.06227710,793,0.58487465,0.22575944,0.25601446,0.50560902,0.33113629,632,9534,4554
499,0.06732643,228,0.58938401,0.05254514,2.99730451,0.59447419,0.26163654,184,21194,3027
500,0.04512217,843,0.69235154,0.40902891,1.01437064,0.44885237,0.15526022,676,14116,7257
501,1.22450824,873,0.64149862,0.45885182,3.36143717,0.48705415,0.01063232,725,4485,5275
502,0.03549748,121,1.02727194,0.18776961,3.10540766,0.71937188,0.16741978,211,8704,4134
503,0.12448037,895,0.75452012,0.18794325,1.56593204,0.29811786,0.22823193,435,18769,3119
504,0.59759291,501,0.74611780,0.31018001,4.26250682,0.08515333,0.09360269,131,8745,2027
505,0.60348435,924,1.04401743,0.38376683,0.19142611,0.12394001,0.46244975,111,6861,2199
506,0.12380768,822,0.95774722,0.47505650,2.73057264,0.65196048,0.04587960,632,16766,5679
507,0.05161238,815,0.84890358,0.16553136,0.17141576,0.86063297,0.16767644,478,4787,4843
508,0.11295370,536,0.88367895,0.13353063,1.64208346,0.26252510,0.26879870,275,6202,4236
509,0.03767690,821,0.86502422,0.35796762,1.11636141,0.75634472,0.18364268,352,19293,6941
510,0.22656491,388,0.89542473,0.09385539,1.07984954,0.18943228,0.22271948,268,23604,7388
511,0.04645084,107,0.78062488,0.27287942,2.66950711,0.56151778,0.32032043,574,11931,2916
512,0.28313895,328,0.58589333,0.18662176,3.88840320,0.10852395,0.37924516,382,24799,6635
513,1.70296236,488,0.80970748,0.32626488,1.29058977,0.06891139,0.34807851,361,19085,4902
514,0.07882599,419,0.91193193,0.46567514,4.87654039,0.53198338,0.38214621,179,19658,2557
515,0.10232541,138,0.56036669,0.27408453,4.46241604,0.37994541,0.36889647,278,6109,5118
516,0.26362004,926,0.79046031,0.06505883,0.30637139,0.22541595,0.40220250,535,3729,4634
517,0.64417415,236,0.93893853,0.16781991,4.93165818,0.03959184,0.47081875,697,2490,3117
518,0.04325868,105,0.52808875,0.35262162,2.57202931,0.96113977,0.48494953,482,14936,2368
519,0.03583117,507,0.50715841,0.46267213,1.85403011,0.93124659,0.21629073,650,18468,6798
520,0.79919267,805,0.85104138,0.16708374,3.70291118,0.18868704,0.03602473,692,24811,3420
521,0.12866505,313,0.69695182,0.14583613,1.96472399,0.22749352,0.17949971,324,3233,5480
522,0.10118704,560,0.65832340,0.32981997,3.19910183,0.42843092,0.16564914,337,13624,2954
523,0.02476648,224,1.00250790,0.39182034,3.45081897,0.81693922,0.48712205,648,21959,2205
524,0.44419915,735,0.88266987,0.48916393,3.86868039,0.02662411,0.32072011,157,4126,6970
525,0.02338240,195,0.97052162,0.15332353,4.66062691,0.96427452,0.13639070,532,24949,6798
526,0.05387334,875,0.99919904,0.43263055,1.96191423,0.92891157,0.11019097,253,7844,5943
527,0.11057572,297,0.79432887,0.08505724,3.41064872,0.23982637,0.37542334,200,19786,7060
528,0.05798265,675,0.54657481,0.04867967,3.99818111,0.63676808,0.44730903,463,23275,3944
529,0.21839124,410,0.91610149,0.26526458,3.69118208,0.16041267,0.35948030,436,22563,3724
530,0.06922730,355,0.60551866,0.36535899,1.24325565,0.38945252,0.39271482,475,17092,3664
531,1.06540032,882,0.71898816,0.26074812,2.20339870,0.04547604,0.14807732,317,20137,4806
532,0.06211946,407,0.69491687,0.03787761,2.65784621,0.43034095,0.17614258,597,24034,4806
533,22.99373992,378,0.77470012,0.37494935,1.49149198,0.01465128,0.11739178,59,20640,5786
534,0.70685707,847,0.72386750,0.37383524,3.82323741,0.08939142,0.19552486,474,13244,2420
535,0.09841692,146,0.97398483,0.24850225,2.74199427,0.68413321,0.01423465,249,12357,5251
536,1.01897566,826,0.65364456,0.29978751,2.50288699,0.41496265,0.00611483,689,14261,2630
537,0.14556861,716,0.74237428,0.11197410,0.46718550,0.36876762,0.33538359,324,23170,3457
538,0.03601388,839,0.79315704,0.12230517,2.53936028,0.84390234,0.09906624,393,14720,2583
539,0.73459599,622,0.70306656,0.26060681,0.50245387,0.13112659,0.31338733,360,21747,6575
540,0.26592626,490,0.68285901,0.19640642,1.61204800,0.92733904,0.02232004,414,9195,3639
541,1.27486825,525,0.68160410,0.48919517,3.46196499,0.80541723,0.10437826,74,22825,6495
542,0.03552162,234,0.52539179,0.02885347,1.66880679,0.76499090,0.31913526,732,16693,2242
543,0.56145392,410,0.78297022,0.43813096,2.21206064,0.08775454,0.44345985,437,12183,2810
544,1.92443762,735,0.88604789,0.28380527,3.72639172,0.88266286,0.05648512,529,22688,3045
545,0.03481876,922,0.84717288,0.36960807,3.43553303,0.96491875,0.12015386,272,8079,5775
546,0.06257968,221,0.79344292,0.41954548,3.81581165,0.56416395,0.03619036,207,16863,7175
547,0.03309152,362,0.84672552,0.26189307,3.93536691,0.77050440,0.29625450,213,18225,4040
548,0.97359708,859,0.68938348,0.46271314,1.31210592,0.51341503,0.13449024,416,9092,2691
549,0.39261223,923,0.61128682,0.07291544,2.26998286,0.11689496,0.25058237,673,9825,3744
550,0.02978284,325,0.76217633,0.13613754,1.68317508,0.86342515,0.43982728,82,23992,7469
551,0.03461676,772,0.71955839,0.24515751,3.32733190,0.92321359,0.19635714,681,15035,3488
552,0.03118152,226,1.01009328,0.25233853,4.53116754,0.78460774,0.18759354,280,4943,4736
553,0.11979180,688,0.99874328,0.44766230,3.25735716,0.24967011,0.26116559,630,17496,4959
554,0.11741076,830,0.51417463,0.37138835,1.82242591,0.38673170,0.30614280,747,13765,5485
555,0.03037072,693,0.92249176,0.17818496,1.47005576,0.94191885,0.16771572,188,11664,2764
556,0.02047152,582,1.01289052,0.08046018,4.74748686,0.79826707,0.43131061,217,24801,4022
557,0.20018667,663,0.65223979,0.42928181,4.81322811,0.09813786,0.35590135,692,2653,5938
558,0.17177100,954,0.88340619,0.24493321,4.75170363,0.16517400,0.19348082,724,12602,5470
559,0.05467888,453,0.76944918,0.35525854,2.86029237,0.45559455,0.08311262,180,7866,5909
560,0.03272775,280,0.55716005,0.23946944,1.52822774,0.80927386,0.42747620,482,24932,6516
561,0.36786564,413,0.67101234,0.32542926,2.16364680,0.11526322,0.40954527,81,2953,5105
562,0.72516455,638,0.60607288,0.25860250,3.10647184,0.04675004,0.07511199,382,15568,3500
563,0.02864110,487,0.80807007,0.33695758,4.56654493,0.91437988,0.38557275,295,24670,7480
564,0.10151696,805,0.78798718,0.32766627,1.69645888,0.23959728,0.30112683,158,6023,4756
565,0.35022581,929,0.53257669,0.49662407,3.90386831,0.17172460,0.20921037,298,10712,4047
566,0.06352810,328,0.77232269,0.05881684,4.61881844,0.44324813,0.40908730,101,19920,3378
567,0.05551475,751,0.89556181,0.13891719,0.18899886,0.94654259,0.36958942,221,20473,6612
568,6.59358319,790,1.00783269,0.12632397,2.38421743,0.05120181,0.06724529,506,23016,4105
569,1.13942625,569,0.87027669,0.06584959,0.98186247,0.07854006,0.43513992,202,22409,6388
570,0.05529647,427,1.01078978,0.10806809,4.64205708,0.65210981,0.43855769,161,24650,2449
571,0.87811938,530,0.97268642,0.23210290,2.89861755,0.23942386,0.09920932,483,18552,5823
572,0.13164540,904,0.81554290,0.19461416,3.83279193,0.28365891,0.23867227,611,24381,4137
573,0.05899219,479,0.54838713,0.32361740,0.98445158,0.54696870,0.08021903,54,18329,3126
574,0.02633023,158,0.84201774,0.26264002,4.87671701,0.94775215,0.28270713,547,23435,3179
575,0.03668741,475,0.50641594,0.39373214,1.98346614,0.87619531,0.22270736,135,23892,4507
576,0.03211622,597,0.88457446,0.04336595,3.27880299,0.58958335,0.47035311,434,23502,3683
577,0.02054562,921,1.03225428,0.12209974,1.96391086,0.78675298,0.23959507,320,7965,7364
578,0.05612606,674,1.00984342,0.15202244,1.86741412,0.52698301,0.17627916,622,24101,2304
579,1.72555411,799,0.54604354,0.20458281,0.52956814,0.05412036,0.44737395,216,16274,5509
580,0.03064793,133,0.73897439,0.44555366,4.22713790,0.92904879,0.39798050,202,16451,5214
581,0.63620911,279,0.75067904,0.08538109,1.35097546,0.10534971,0.19030476,626,2962,3204
582,0.04644355,973,0.50340069,0.30809471,0.78910191,0.70334410,0.11296267,319,15368,6563
583,4.05508041,964,0.95190422,0.26978669,3.69899847,0.21291251,0.07780748,282,19526,2005
584,0.29277531,731,0.58148550,0.34008000,2.45874290,0.18664019,0.08549255,717,18694,6504
585,0.20562284,330,0.87113707,0.30697581,2.07547993,0.15950001,0.29959593,176,22816,2883
586,0.03140795,424,0.69216395,0.32094144,4.72393337,0.86814062,0.35720633,396,5566,5430
587,0.04128923,701,0.94580997,0.01440471,2.87850481,0.49343518,0.32137947,172,7080,3099
588,0.59597576,163,0.99204906,0.29048032,2.33237395,0.09396148,0.04687010,647,19637,6934
589,0.32469633,333,0.88994132,0.13568667,2.88348419,0.09332607,0.05589693,210,5319,6878
590,0.12673290,833,0.98227882,0.32790216,2.17402217,0.19946231,0.45057266,648,20717,2947
591,0.07450319,573,0.94214278,0.12512762,1.20051787,0.88748155,0.42607267,603,21106,2829
592,0.16325827,921,0.58153204,0.12109230,3.60598864,0.34090270,0.19520865,676,22454,2761
593,0.05799624,586,0.50563890,0.40799163,3.95990515,0.55492420,0.33245105,610,4386,5044
594,0.29654177,334,0.75576350,0.28922794,0.29459043,0.26589701,0.08191400,645,10693,4247
595,0.06552776,395,0.55388536,0.18026870,2.07246392,0.47332033,0.39191406,176,16621,3863
596,1.00090585,178,0.99639682,0.36872605,3.80656250,0.03937660,0.19712737,642,9456,3552
597,0.02979480,356,0.63960470,0.02091836,2.98128148,0.88029311,0.30043215,215,2022,3207
598,0.01925525,279,0.98502270,0.39620166,3.70181473,0.98806446,0.33188461,95,15293,6689
599,0.23628117,141,0.64739501,0.40651040,4.37243991,0.24823776,0.02324799,378,4868,3681
600,0.16369312,236,0.54453413,0.47542924,0.79090106,0.28106887,0.20325297,338,5522,2866
601,0.11796468,849,0.68380391,0.09600349,0.34769146,0.32044696,0.35948740,571,14232,6210
602,0.05346031,739,0.60521653,0.16434554,1.35490641,0.63841456,0.07933478,639,14166,2193
603,0.06083715,352,0.83201509,0.01694537,0.60330306,0.92211972,0.46240011,487,6407,5141
604,0.14274000,131,0.60205894,0.48632162,4.85116893,0.33252591,0.11911522,147,9082,4434
605,0.13528887,471,0.52089827,0.07178938,1.32574800,0.27384493,0.46398781,519,3818,4439
606,0.61551779,592,0.76682315,0.28259742,1.00144350,0.88373080,0.03332936,525,21513,4344
607,0.06262651,101,0.58689918,0.24777783,0.72196281,0.48419681,0.45933345,478,13479,5334
608,0.02866966,351,0.64062929,0.27061087,2.43633766,0.73134852,0.12654623,489,4317,4963
609,0.08556553,222,0.56654059,0.16126070,3.37098039,0.39510901,0.29015204,283,11565,6138
610,0.44348788,781,0.99327270,0.02871179,3.97953861,0.04533983,0.16321960,108,11160,7361
611,0.24892636,349,0.61993900,0.22610785,3.61808009,0.15497028,0.44093521,554,3017,3689
612,0.36889598,213,0.77757076,0.40997324,2.72920362,0.11413608,0.42021285,544,19210,6741
613,0.68125528,354,0.80717335,0.16086298,0.52932212,0.15074060,0.16474084,368,19598,6592
614,0.13228739,522,0.54002815,0.26276984,1.96619437,0.23010722,0.31632919,464,12069,5684
615,0.04975710,444,0.53866162,0.49355850,3.82267560,0.58471715,0.23045973,426,8572,6422
616,0.03202110,437,0.83189534,0.29066490,2.27974112,0.81230086,0.35658529,582,20358,6075
617,0.06501493,600,0.54436184,0.10878378,1.40002974,0.37558035,0.19333070,436,9085,6193
618,0.03788071,155,0.93538683,0.44993066,3.35789382,0.58609138,0.48348705,254,24790,5267
619,0.07698215,868,0.85896398,0.45064444,0.61297806,0.71899404,0.22370054,567,20203,3187
620,0.85384462,683,0.88423822,0.21562052,0.63424133,0.02138195,0.42820721,113,8830,4501
621,1.27979390,723,1.00597098,0.38262258,3.32499853,0.02746507,0.07524664,385,14494,4959
622,0.02874932,247,0.84136091,0.01718231,1.39165532,0.80276977,0.47940443,468,10197,4463
623,0.12686911,303,0.67987379,0.05999103,3.17798177,0.29663640,0.02960068,619,6538,5036
624,0.07487075,193,0.59752610,0.26108897,4.09516548,0.47424489,0.36130280,452,12061,5062
625,0.05501980,487,0.90795799,0.33237999,0.78931861,0.53143978,0.29250075,335,16463,4659
626,0.13512583,110,0.62210060,0.01873215,1.59253400,0.27894266,0.42199583,179,21496,6880
627,0.11901998,725,0.71849161,0.18023240,4.31860396,0.26441875,0.43941944,352,17133,5538
628,0.05640295,586,0.62791651,0.04289746,0.07367231,0.49827199,0.14008595,326,24304,6918
629,0.03988766,832,0.65809545,0.31604643,0.92728168,0.67424368,0.29454432,471,2790,6170
630,1.83035547,958,1.01135200,0.33655192,4.87172871,0.06245031,0.01810477,57,8836,5458
631,0.05406831,925,0.51300151,0.16964283,4.05534670,0.67010773,0.43753992,553,10712,3011
632,0.10449581,600,0.67551977,0.04158465,4.46967523,0.32088774,0.14325822,135,13440,3267
633,0.04864500,794,0.77432686,0.01868180,3.59967467,0.60444431,0.28541633,560,5116,3572
634,0.04118676,377,0.52042646,0.16730283,3.06800989,0.67661475,0.39013219,341,16248,3991
635,0.03332434,766,1.01205393,0.40928125,4.01781039,0.82888325,0.23720427,675,4005,2869
636,0.04111676,242,0.61181922,0.48617867,0.08012894,0.81213333,0.10006145,340,23475,6840
637,1.00827108,917,0.75361436,0.43025876,1.77848161,0.07467163,0.43244964,373,14448,3582
638,0.06358694,775,0.96323225,0.31521575,0.46415427,0.61219498,0.04405334,163,11285,4235
639,0.05601497,457,0.85653710,0.37012308,3.30354646,0.79165937,0.40311378,696,14375,3378
640,0.02485096,955,0.77780023,0.26014583,3.23346014,0.73813026,0.42163451,207,9667,3707
641,0.04202847,941,0.92318125,0.49666489,2.44183362,0.36455564,0.16148568,127,16456,4021
642,0.06950091,743,0.95939880,0.13716414,1.65836939,0.96066199,0.31491708,582,14932,3779
643,0.14656716,276,0.60516686,0.04743463,2.64040117,0.29980296,0.19373533,733,18692,2477
644,0.11044630,124,0.96419969,0.49603933,0.96929141,0.32662937,0.05560808,676,13564,4815
645,0.09383549,583,0.82617259,0.12983992,4.35998038,0.36117750,0.06516286,67,3450,5011
646,0.05356061,667,0.96452461,0.44447364,4.37439231,0.51515964,0.13301196,501,14058,2359
647,0.02975149,201,0.95119370,0.38089064,4.51330264,0.85226045,0.31678141,195,2694,3447
648,0.06528860,609,0.88958232,0.24016023,2.02611732,0.36222522,0.06954257,474,17514,5924
649,0.07589369,170,0.79785226,0.46594620,0.42975317,0.59896003,0.11498947,705,21036,3982
650,0.03053668,805,0.94460001,0.04141911,1.90753693,0.74420433,0.20958801,341,9649,3983
651,0.02458998,512,0.84650630,0.04455412,4.40008388,0.96932083,0.28498163,539,11705,3193
652,0.20636493,936,0.81959834,0.08082000,2.13789285,0.18026841,0.45605075,683,8893,2228
653,3.36858565,899,1.00892632,0.47640495,3.41309525,0.09675119,0.04844608,415,16165,4370
654,0.14836793,786,0.97540808,0.48346663,3.64436825,0.19655876,0.26666247,720,12725,5151
655,0.08056997,875,0.78331789,0.40273123,3.02371405,0.32838462,0.24976770,261,23794,5766
656,0.97355189,398,0.87992220,0.41692055,0.27568270,0.17932965,0.05325701,486,20855,2784
657,0.09056332,666,0.66556823,0.11074579,1.93358390,0.36163742,0.43677030,381,9471,3712
658,0.12099336,477,0.89895892,0.30454777,3.92439834,0.37546078,0.48451604,749,22972,2335
659,0.45651480,760,1.04081075,0.03914303,0.11030686,0.23117271,0.20712537,435,10151,6978
660,0.05476060,931,0.62634171,0.04788129,0.72242219,0.58477101,0.29504880,709,9335,3912
661,0.29427915,603,0.73208188,0.15123956,2.24576392,0.11994887,0.43394875,429,4498,7186
662,0.11866457,560,0.73638840,0.09232507,4.23320148,0.20758241,0.32508841,215,12714,6227
663,0.58237699,390,0.82004586,0.42589673,4.18300358,0.45089369,0.09474413,706,22609,2031
664,0.06424968,360,0.98395671,0.10203768,2.92310655,0.42191257,0.37852132,200,12460,3615
665,0.03504718,383,0.78472993,0.04058878,1.76267108,0.59221183,0.44395580,316,14189,6977
666,0.05866275,350,0.58150404,0.46224353,0.66688853,0.72541014,0.17602633,720,10941,5294
667,0.07933868,727,0.94111024,0.26335485,3.06551721,0.24184332,0.29080653,190,9792,5894
668,0.06775462,835,0.95178938,0.05117435,4.63796445,0.85451124,0.46564556,64,15811,2753
669,0.14427815,368,0.65398720,0.05682450,0.50896437,0.92023183,0.06064731,323,18459,2240
670,0.08115643,982,0.76106829,0.20265539,1.05485072,0.77773892,0.40713576,505,23580,2567
671,0.03386581,537,0.66159645,0.25100684,4.63828675,0.80169798,0.33000344,627,11377,4275
672,0.09091138,451,0.83841500,0.17715988,0.30780741,0.67322831,0.02385343,554,19831,4313
673,0.03717346,169,0.86152801,0.45573758,1.28274053,0.57793964,0.24693549,584,12792,6302
674,0.17805337,825,1.00165256,0.32701005,3.48430848,0.12537451,0.12894677,164,12803,5964
675,0.07160382,683,0.64083382,0.19282098,3.99873271,0.46801193,0.17683181,662,17365,5910
676,0.03010283,636,0.92803073,0.23821979,3.38663961,0.53963330,0.44897851,212,14883,6030
677,0.03288314,860,0.67121190,0.40154933,1.44436674,0.56456429,0.31600596,382,9230,5911
678,0.65554133,357,1.02037215,0.24718877,0.06776532,0.18911473,0.21353992,345,17697,2061
679,0.02633332,427,0.99272341,0.42657949,3.08038810,0.95631053,0.24371796,371,19870,3497
680,0.09778534,649,0.62903243,0.42481818,0.24863972,0.33135978,0.16994080,429,17089,5311
681,0.07666035,611,0.63134196,0.19621527,3.10222799,0.40960447,0.21925135,218,7050,4414
682,0.03355535,177,0.86163552,0.18776910,2.06021764,0.73138584,0.46299436,418,19779,5869
683,0.88388624,978,0.51160972,0.33896061,0.71060067,0.11204799,0.41005185,215,13185,5115
684,0.06146966,947,0.92754490,0.02447373,0.58011349,0.74214582,0.14885850,677,3712,3751
685,4.40891334,925,0.87082019,0.01247309,2.08292195,0.41595818,0.01477713,537,10120,2187
686,0.05940033,159,0.84536831,0.34866079,2.30037857,0.98861756,0.07350696,633,21550,2126
687,0.72179172,575,0.78119969,0.44530937,3.07564536,0.03235092,0.39893461,150,3384,2914
688,32.24101353,816,1.02823321,0.13120105,1.56911331,0.10415294,0.01025203,624,15832,7451
689,0.14140225,753,0.99158402,0.27349407,1.63279915,0.22890617,0.46560599,609,20042,2902
690,0.38530645,814,0.82742886,0.36939108,0.85847591,0.17203127,0.34931070,516,15285,4416
691,0.26522773,749,0.91459158,0.30340803,1.05152260,0.25229268,0.40371944,562,24709,3888
692,0.13383654,747,0.92691885,0.47850373,4.51443735,0.24878100,0.09502416,421,17768,4388
693,0.02864205,413,0.95989007,0.14417928,2.22546078,0.63924262,0.34109290,376,10460,5660
694,0.02923321,703,1.00121459,0.41734310,4.03427211,0.87654379,0.14012386,400,16490,6861
695,0.39339772,407,0.88191958,0.24048816,3.08840233,0.07293831,0.30190507,511,4171,6698
696,0.36307061,727,0.86614799,0.02189333,2.83860865,0.51716771,0.06224877,447,24445,5193
697,0.06608152,949,0.72106757,0.17559451,4.37342762,0.53181735,0.30331510,391,2192,2301
698,0.69084833,944,0.75540692,0.36381264,1.33884868,0.32042731,0.07318790,528,18860,3800
699,0.11969119,856,1.01531941,0.11185284,3.95633941,0.68952702,0.10345891,319,22753,6287
700,1.23263844,275,1.03655552,0.01278932,0.59776237,0.10803571,0.10208619,475,17883,6435
701,0.06758792,913,0.90482719,0.20330488,3.98759117,0.31398007,0.32178331,317,9416,6235
702,0.04679730,732,0.78794123,0.18688194,1.56591466,0.90787507,0.29462766,476,9242,4673
703,0.06438644,202,0.50153893,0.28574027,2.55663848,0.54770333,0.32664503,324,17958,5711
704,0.14134749,324,0.94906755,0.29071322,0.09040084,0.39062164,0.32024423,215,21976,2177
705,0.03435004,904,0.54756243,0.43889761,3.27039476,0.62874043,0.39448990,266,21173,7163
706,0.05918079,855,0.70839761,0.22844219,1.19157106,0.88875171,0.20997773,265,5434,4137
707,0.03999863,145,0.83372342,0.41118120,2.91694220,0.71006985,0.29781450,747,15882,3340
708,0.03567023,865,1.02749490,0.16174097,2.72121161,0.43909757,0.16758017,333,7757,3629
709,0.08708679,661,0.52973036,0.31676480,1.73525964,0.34377944,0.33767038,722,4817,6943
710,0.08400921,271,0.83532211,0.02646969,2.09784081,0.29480105,0.07434500,327,9022,6482
711,0.03907467,951,0.71380929,0.18578486,1.55706579,0.46220832,0.48123665,564,23783,7121
712,0.29896886,583,0.83440359,0.46929124,2.66795342,0.16077025,0.08726416,200,9808,5905
713,0.11947137,520,0.72976913,0.44176073,0.16052583,0.91653624,0.20315788,643,20112,2468
714,0.04150299,343,0.80618639,0.37945401,3.26050481,0.76976580,0.15899331,512,7153,4802
715,0.02881745,113,0.70133271,0.34596357,4.76538372,0.75102888,0.21992662,726,22796,6278
716,0.02568391,507,0.62226291,0.20286295,4.43782274,0.87992851,0.20584314,241,5899,4834
717,0.11239334,990,0.90483975,0.33611127,0.13195434,0.69896120,0.31943148,629,17256,2953
718,0.15076598,353,0.88610757,0.33324263,1.48839797,0.25373164,0.37246826,283,13996,2319
719,0.02381998,619,0.98634015,0.48087312,4.42700291,0.84324677,0.33325112,437,8932,7206
720,1.05175386,632,0.97427411,0.13134043,4.49995582,0.01378931,0.14762873,165,18725,4337
721,0.10431708,224,0.94097562,0.34405149,0.48464742,0.80523046,0.03384871,310,16955,3032
722,0.25342416,414,0.70457670,0.37643924,3.09251287,0.11002224,0.43008240,222,23561,4998
723,0.06057302,814,0.74675371,0.06714403,0.55380346,0.60131581,0.24088128,732,8232,5042
724,0.12540058,546,1.00627758,0.19594016,1.13248539,0.39257677,0.19017662,332,16088,2641
725,0.07059819,774,0.93906612,0.48465253,1.33992602,0.89974880,0.11747372,367,10987,5188
726,0.06150030,125,0.84081691,0.40481224,4.55464340,0.57317371,0.29992284,653,17057,4281
727,0.22122916,836,0.63220536,0.39915376,1.05387586,0.16520082,0.44657636,374,22751,5323
728,0.03037856,793,0.69584226,0.05319150,3.90353182,0.85984528,0.26957478,489,24782,2277
729,0.02365570,798,1.00719134,0.15096497,3.34222204,0.63522511,0.30069013,199,6778,5547
730,0.09462176,790,0.54867321,0.39530521,2.91613325,0.39768653,0.25400253,198,23987,4640
731,3.73410817,312,1.04552304,0.35226671,3.88301043,0.95074514,0.00070068,183,11530,3356
732,0.02444524,994,0.85061284,0.46637011,1.07318096,0.68326225,0.27203037,199,7723,5395
733,0.05361548,137,0.67247020,0.12348647,3.70391462,0.55240631,0.22556098,172,17969,2988
734,0.10446454,264,0.62284206,0.04642279,3.60831378,0.30347856,0.10586150,260,8886,3707
735,0.03149999,227,0.53894291,0.29207294,3.00981227,0.78512240,0.16677061,95,17673,5275
736,0.02856900,575,0.58467974,0.35265683,2.24748751,0.72345676,0.23136326,484,12157,5622
737,0.08720575,586,0.66479170,0.45635349,4.21829499,0.48754795,0.37345337,513,10362,3374
738,0.06768760,190,0.97304974,0.07943934,2.98162107,0.69268245,0.11100521,147,20263,3445
739,0.06022691,738,0.78681840,0.27223905,2.17058402,0.36513298,0.38686720,569,20113,5580
740,0.95048020,545,0.72334562,0.07590422,1.65286254,0.13925163,0.15925228,453,7442,2304
741,0.31871671,898,0.92878706,0.01415408,0.23649590,0.26412180,0.25781055,747,9064,7326
742,0.05785088,717,0.67599475,0.13736873,0.47780010,0.49469463,0.06168093,101,11399,7470
743,0.02872968,501,0.75605233,0.49188153,2.75394669,0.89708786,0.39766335,60,15973,6308
744,0.02780216,294,0.72312080,0.03023959,2.06677584,0.62082626,0.10153394,454,6618,3013
745,0.79679314,513,0.56326013,0.09345973,0.99278667,0.22972083,0.05090407,148,9742,7453
746,0.42906730,543,0.61882306,0.34438840,1.42300283,0.14784755,0.33241757,402,14003,4039
747,0.01964122,463,1.04749235,0.08692257,2.85843495,0.83274015,0.19682180,95,7150,6246
748,0.02454675,900,0.69416969,0.41188263,1.47093560,0.92397915,0.22176896,554,6605,5574
749,0.08818531,228,0.70130641,0.18143333,2.02227567,0.58513390,0.05047735,358,24312,4882
750,0.05069622,315,0.52819638,0.19629031,0.66133897,0.76051895,0.33423096,98,5742,6353
751,0.03139918,589,1.04707103,0.30615019,2.83293011,0.89143304,0.33036567,142,18562,4949
752,0.07030657,124,0.82820688,0.30288339,4.86308064,0.65984924,0.12742407,128,21969,2988
753,0.04628473,179,0.71238389,0.26715130,1.63980536,0.64241142,0.39379160,685,3368,3853
754,0.08212988,765,0.82166216,0.27613183,3.45745737,0.37221310,0.10232083,631,14372,2421
755,1.08366829,450,0.98477847,0.24901485,4.66603230,0.72062131,0.03802409,199,23436,2550
756,0.46055772,809,0.98509274,0.10389569,1.36345472,0.10721379,0.12302425,86,7892,7013
757,0.07131687,463,0.76378984,0.22664421,4.43557138,0.34605743,0.45128928,419,17905,6508
758,0.02017417,775,0.77671920,0.48313952,4.56371387,0.96361317,0.13873590,229,11109,5105
759,0.02492735,987,0.88192903,0.27630306,2.86720224,0.89156609,0.26988224,440,9209,6137
760,1.34035063,822,0.67175001,0.08854306,3.40876639,0.06104104,0.19928265,256,15911,2443
761,3.23326268,642,0.54814890,0.36043887,4.07413795,0.01080585,0.26693703,645,24178,2560
762,0.05638368,894,0.64290948,0.32439219,4.11865532,0.74441370,0.08849908,360,7196,2686
763,0.10647351,444,0.67618336,0.34714858,1.00650578,0.98477074,0.28148633,193,23259,4623
764,0.06754695,700,0.67149740,0.17631950,1.42870271,0.48553959,0.09048660,671,18040,2237
765,0.03552499,795,0.76842411,0.20481834,2.93346204,0.66597474,0.43781356,446,24570,6547
766,0.04318612,872,0.96539123,0.49061706,4.12670715,0.95174148,0.06317736,488,7132,6630
767,0.01916250,633,0.75630349,0.23279752,3.63243802,0.76954529,0.23526283,336,22413,5292
768,0.07052005,121,0.50052560,0.48540943,2.79624806,0.54037730,0.42447264,89,20010,5064
769,0.09452965,637,0.66175535,0.41665411,3.17468218,0.38921963,0.28037692,256,12864,6938
770,0.07410497,329,0.76960482,0.41875254,3.02628718,0.37645638,0.34429598,442,4185,4593
771,0.15033723,106,0.68701705,0.17661632,1.87168348,0.25937131,0.46322148,94,3603,2634
772,0.06207896,502,0.53493723,0.08753898,1.36009258,0.46503791,0.34441842,468,16990,6601
773,0.05556966,823,0.67525894,0.06756494,2.41580387,0.83281688,0.26794209,364,8886,2187
774,0.03559154,630,0.77376810,0.01252484,2.94131074,0.72266892,0.33211511,376,24958,3225
775,0.04565614,257,0.71573737,0.13365783,0.15675072,0.86060026,0.10749096,426,8646,7454
776,0.07950933,891,0.99411656,0.20154310,0.36646635,0.84972642,0.38463397,645,13225,5814
777,0.02568093,506,0.84064974,0.12002101,3.18073186,0.96141793,0.18594853,591,2200,5336
778,0.07650910,551,0.75223287,0.04782819,2.03995739,0.37451184,0.34478530,352,12654,6392
779,0.06969835,256,0.92275250,0.29059803,1.98582754,0.43456261,0.41819771,522,2669,5001
780,0.30089649,568,1.03458978,0.41934583,1.83943765,0.92323879,0.20685978,393,20306,5076
781,0.13468584,141,0.81804158,0.19302464,2.88902212,0.31053279,0.19626766,235,23420,2077
782,4.42240323,918,0.63156372,0.18492423,4.90915380,0.86319965,0.02715467,749,21318,5261
783,0.08605494,845,0.64153492,0.41054677,4.22392822,0.42442086,0.14690308,624,11669,3115
784,0.14307309,364,0.94457621,0.36625513,0.26636226,0.41595131,0.24459303,243,23728,6418
785,0.06184522,855,0.66277023,0.15533640,2.40844723,0.44018011,0.39953250,292,15218,7268
786,0.30292687,539,1.01493968,0.42837362,4.75084819,0.13339290,0.06927172,532,3368,3257
787,0.06638350,959,0.83372998,0.33824182,0.83973189,0.38695668,0.38623819,357,20311,7191
788,0.03526442,196,0.66768852,0.37624207,2.08292618,0.66008517,0.19234552,201,4809,6283
789,0.20632413,410,0.80189500,0.45985081,2.61071953,0.12335810,0.48146327,360,14574,6841
790,0.34515371,925,0.82782691,0.41161120,3.90602341,0.02945268,0.17434324,68,16774,5210
791,3.95572257,431,0.77370554,0.48940740,0.56685353,0.03512073,0.37153586,527,15194,3206
792,0.04579704,372,0.84301694,0.31782533,1.26644004,0.84135187,0.33109030,338,19867,4421
793,0.05693534,403,0.89817113,0.26692994,0.48983021,0.68940797,0.32615715,129,14442,7011
794,0.27156186,327,0.76902511,0.14183219,2.99190742,0.16461375,0.39501307,714,7677,2903
795,0.02109219,740,0.95712921,0.05517138,4.19256475,0.85858937,0.33992464,546,9120,6782
796,0.04876773,258,0.99358318,0.32844842,0.83938234,0.88955761,0.40263536,249,17321,5040
797,0.75885836,792,0.95637357,0.14622603,1.58257522,0.22134429,0.05866556,72,13329,3269
798,2.51611090,915,0.98747072,0.11075141,0.77296071,0.04437625,0.25529297,128,16272,6565
799,0.02271308,572,0.56357678,0.32012616,3.43537410,0.98823497,0.36129120,410,19436,6520
800,0.56636045,783,0.67724324,0.21058735,1.33888300,0.48755136,0.01915034,474,18708,6385
801,0.05378212,492,0.69046421,0.08254727,3.79981380,0.60282849,0.17190313,92,18651,3131
802,0.02869653,340,0.84580571,0.26502603,4.08649111,0.77363765,0.35629371,199,11547,4801
803,0.08067067,337,0.76673330,0.23722205,3.70292029,0.40079012,0.43825899,66,10775,4798
804,0.05479643,121,0.60823315,0.09371555,0.98130638,0.63261633,0.20707148,552,10425,3481
805,0.05091766,513,0.71214332,0.04994795,3.58201294,0.59655244,0.29258984,721,15836,2998
806,0.02206038,842,0.86016027,0.44835983,1.29753410,0.76980060,0.20011832,443,2518,7041
807,0.35712216,410,0.62356545,0.46067852,0.59505462,0.20277015,0.41104423,630,16735,2203
808,0.14835114,672,0.52650957,0.22183150,0.10163368,0.28275954,0.18353948,69,2419,3581
809,0.04502089,449,0.59616296,0.17060974,0.45008342,0.69227338,0.31767970,571,12277,6854
810,0.16553051,904,1.03043120,0.12352739,2.14953645,0.14619735,0.31700714,652,10041,5960
811,0.15846364,419,0.58488963,0.38675512,0.12773337,0.18469507,0.12097807,86,17563,5785
812,0.08171011,212,0.76468128,0.49670477,1.27373037,0.27661104,0.28010854,436,15944,6768
813,0.06522734,651,1.02194909,0.06403460,1.05556927,0.93098701,0.34551565,93,9948,6218
814,0.06128155,487,0.76758025,0.09462058,0.80248815,0.42173883,0.45466960,442,19429,2925
815,0.36569499,738,0.52081292,0.43787747,2.69777787,0.20168469,0.04296844,312,6824,3517
816,1.27717292,880,0.95773339,0.19728296,3.26614480,0.25202044,0.03692892,680,24936,6521
817,0.04387925,492,0.95435229,0.44061263,3.13798095,0.74662982,0.18572165,681,12387,4664
818,0.07864670,974,0.97572659,0.01006137,3.30170877,0.30879049,0.40970823,78,13019,3033
819,0.03083860,429,0.89632033,0.27469568,4.78033614,0.71045051,0.24374062,485,17496,7210
820,0.05908398,871,0.73402980,0.02801288,1.52406699,0.97930993,0.48043659,661,12599,7077
821,0.34836977,186,0.93476053,0.02585515,2.25053120,0.12411102,0.13741267,411,19037,2612
822,1.89059464,605,0.62051803,0.10437249,1.97758723,0.10201858,0.03427515,474,22549,7069
823,0.06027312,496,0.81944905,0.12764113,4.41466460,0.46249511,0.14169837,167,6315,2757
824,1.02056286,317,0.86990454,0.35696415,1.72406006,0.21204326,0.02217178,251,8983,4438
825,0.09952765,983,0.89132554,0.29534388,1.37404102,0.28088609,0.09671341,402,8488,4034
826,0.07370923,399,0.67307577,0.31304467,4.09821220,0.44694847,0.46262952,741,23605,3455
827,0.13447512,752,0.58761885,0.10128294,4.34797790,0.30595541,0.09306053,166,12716,4109
828,0.07003444,289,0.98704226,0.45891509,1.14396862,0.39722562,0.33719125,370,18105,7024
829,0.04226638,651,0.75726821,0.13082449,0.61243950,0.60459884,0.18412947,735,19245,2659
830,0.07086163,719,0.83067658,0.40892275,0.84184033,0.68351554,0.49566217,349,21211,2399
831,0.08341551,856,1.01667940,0.11172024,1.60298950,0.37825003,0.13138195,452,18782,2315
832,0.07141107,211,0.64573201,0.36500981,3.86683902,0.66803083,0.47997504,384,11624,2308
833,0.14960429,887,1.01022512,0.34294695,4.76305846,0.79487330,0.23570311,603,9371,2438
834,0.34517288,553,0.51834344,0.27790238,3.77340539,0.14299331,0.27204324,136,11971,4533
835,0.02260257,637,1.04426576,0.15372752,4.73641517,0.79420599,0.27751294,610,23506,6325
836,0.02502566,293,0.89436960,0.12191238,2.69101775,0.87336303,0.39298491,537,18233,2664
837,0.03693469,567,1.01454720,0.05812889,2.20792512,0.48106835,0.18227162,158,21862,6197
838,0.26184482,219,1.00876660,0.02043461,4.18508270,0.06160008,0.14972299,533,3178,6249
839,0.16503813,941,0.90699776,0.24990641,3.03718881,0.18517680,0.14548587,607,19837,3335
840,1.57835106,883,0.73210680,0.14302230,0.38077131,0.08791544,0.16860802,629,15959,5942
841,0.12059979,455,0.71229971,0.42757724,1.98559035,0.24056654,0.26211441,738,3763,4976
842,0.15195179,925,1.01203743,0.41459386,2.64165979,0.26116480,0.32096775,78,21836,2225
843,0.25573839,657,0.90732947,0.41882488,0.08317020,0.09776158,0.44034386,51,6825,5233
844,0.02922503,366,0.50701879,0.27310824,2.69585516,0.95653658,0.29872074,734,12477,4932
845,0.27628579,326,1.01631532,0.48546145,1.76075996,0.12500409,0.41183627,67,14734,5551
846,0.02978508,804,0.85776148,0.08867582,2.35218674,0.70030193,0.40338496,714,12909,3054
847,0.36771468,137,0.86787822,0.20442456,0.32509141,0.27983766,0.01837509,177,4224,6580
848,1.62070407,437,0.63352983,0.10420843,1.75751997,0.89709035,0.00679125,323,23026,2320
849,0.07931030,470,0.84374172,0.33981580,4.33225539,0.29383531,0.32113583,195,14709,2407
850,1.43733680,411,0.86445452,0.15588686,3.05496355,0.45849118,0.00325928,328,8563,5878
851,0.02994706,136,0.54980608,0.37702148,3.77604710,0.87661229,0.32162610,715,8057,5043
852,0.03783613,749,0.53949106,0.23146640,4.80641896,0.71505242,0.32669237,380,4988,6456
853,0.17680721,140,0.92639179,0.19725677,1.57966534,0.23348957,0.12696102,111,24886,6659
854,0.06933872,110,0.84994372,0.44424372,0.98312329,0.50141540,0.11965455,381,23242,2170
855,0.04754403,218,0.82270579,0.02838991,2.12339121,0.47936210,0.37537878,635,11720,7395
856,0.08581140,135,0.53611296,0.41170340,3.85677095,0.55667768,0.22384246,247,20121,4114
857,0.50066650,225,0.69689806,0.37096438,0.35422068,0.14469969,0.10311468,414,18467,7059
858,0.07432059,752,0.76530921,0.29947970,1.98946446,0.96507163,0.21902621,662,24297,2242
859,0.02285104,911,0.99880029,0.09050578,3.12598328,0.69938077,0.19144223,235,14015,4203
860,0.29464207,690,0.79867838,0.14069575,2.94540413,0.15427389,0.10056714,88,11123,6690
861,0.03870059,403,1.00308590,0.47673958,1.05854498,0.65821353,0.36551013,213,23007,3588
862,0.19877347,189,0.72424530,0.30253509,3.71099446,0.15381757,0.30754087,100,19080,5764
863,0.02878019,423,0.52608310,0.42842876,1.77803968,0.83760221,0.30697557,519,10858,5499
864,0.05563695,399,0.51369420,0.04808590,1.97383842,0.47004338,0.30366004,559,21314,5509
865,0.06144199,639,1.01558548,0.30767396,0.36010631,0.75242173,0.35213350,485,4710,5997
866,0.03084046,971,0.58939550,0.16138042,3.39428815,0.68422966,0.18976300,440,8828,4796
867,0.05575202,312,0.80215997,0.01352499,4.84012600,0.59970412,0.04821599,658,9505,4301
868,0.08180564,338,0.88899586,0.42846927,2.33539260,0.36773561,0.28210403,567,4497,7363
869,0.29219615,646,0.86435013,0.21504023,1.22314005,0.21701323,0.04663320,119,8926,3719
870,0.07948079,629,0.69953415,0.07317139,1.91380065,0.28913551,0.13258769,543,12207,3471
871,0.24995369,948,0.96091499,0.48804250,4.75959041,0.15022679,0.40140480,728,9621,3988
872,0.05431086,868,0.75337795,0.02839206,2.08173056,0.88201321,0.10319194,442,7838,4063
873,0.03117304,672,0.91333273,0.38494021,3.09374734,0.62171539,0.16394528,254,13878,2334
874,0.38242644,130,0.81267838,0.39905072,2.00609432,0.13776122,0.04989878,617,8106,2745
875,0.08023837,504,0.96322438,0.28171510,2.42789748,0.24813317,0.22659168,542,18113,3857
876,0.18821422,714,0.58915500,0.16789267,3.88929872,0.23622948,0.49830032,554,16617,3937
877,0.05946293,417,0.57132098,0.49864213,1.21442068,0.47418734,0.44438219,701,13448,4305
878,0.05868322,566,0.98017773,0.16098502,0.41412059,0.68389338,0.21086920,123,17023,7213
879,0.08948592,310,0.61842562,0.38677944,4.51303272,0.39379539,0.36805553,305,17527,2905
880,0.05255406,379,0.50120900,0.31148047,0.35158059,0.81963475,0.25857403,666,23419,7125
881,0.03582740,600,0.84831418,0.35835951,0.42176592,0.91033123,0.23279215,488,22695,7384
882,0.10279665,730,0.96682261,0.29516118,2.73791416,0.21008803,0.48261167,77,16877,6880
883,0.87698072,153,0.68622999,0.02610648,3.69483705,0.05802723,0.27872194,359,13008,6921
884,0.09237247,401,0.59498730,0.29951699,0.68469993,0.33271240,0.13243546,180,20690,7348
885,2.24545654,814,1.04065592,0.16890143,4.02698896,0.81327980,0.02657610,63,18078,3263
886,0.02795544,902,0.82359211,0.17004109,3.33770243,0.78397135,0.46275680,582,23995,7257
887,0.14191154,153,0.70788041,0.01417476,3.11501156,0.22174775,0.49365259,228,18698,5228
888,0.02459641,992,0.62321562,0.08363436,2.15768975,0.70949798,0.20494406,149,17401,7389
889,0.10808034,662,0.69786171,0.23398198,2.28973024,0.29566473,0.21356950,238,3235,2333
890,0.04513829,279,0.69874960,0.15598581,4.01867995,0.56668753,0.23478868,409,19537,7138
891,0.02624036,220,0.69435537,0.12457163,1.68873130,0.90785972,0.19295443,728,4059,5065
892,0.19293126,988,0.82386454,0.36677776,4.65129099,0.32803118,0.26058669,542,19156,2811
893,0.03943685,287,0.73790279,0.46882594,1.80115303,0.72965877,0.43687599,729,20671,6123
894,0.07786171,239,0.60155030,0.33565167,0.57529754,0.88392632,0.45383597,645,7741,3024
895,0.13667922,230,1.04367167,0.48522384,4.27725824,0.16380092,0.49272881,382,5495,6870
896,0.26292747,997,0.66400539,0.42424961,2.10908049,0.24901890,0.09592292,562,17524,4022
897,0.04237789,464,0.59361600,0.08029765,1.55390802,0.50100981,0.19008170,662,11351,3157
898,13.77083757,303,0.59551420,0.37408102,4.67056929,0.48163826,0.01194132,675,24363,5134
899,0.03282093,694,0.89250345,0.29103639,1.30710694,0.60028723,0.07379545,275,19969,7040
900,0.28474417,189,0.75168647,0.14422832,4.12289959,0.16905871,0.47429209,209,11045,2259
901,0.03346709,718,0.69165614,0.23592696,4.07986993,0.88474588,0.17037396,546,19677,4133
902,0.03497610,452,0.82328099,0.16051125,2.93126510,0.83799936,0.20625994,121,12932,4487
903,1.93354895,861,0.60107965,0.38784318,1.86994584,0.06225470,0.02938468,105,21213,3442
904,0.06195842,957,0.88172636,0.37620757,2.55595704,0.40792317,0.23501250,519,2490,5883
905,6.61039289,779,0.96417800,0.04425716,3.04779655,0.19232331,0.04254587,620,22372,7355
906,0.02442748,273,0.79611610,0.18810376,4.39074542,0.95242403,0.40946929,226,7394,6615
907,0.11616745,836,0.76155814,0.39281887,4.20963498,0.68686024,0.46665442,327,16442,6956
908,0.20731304,227,0.83851260,0.48684930,4.92950582,0.15853470,0.31462408,421,10848,7469
909,0.73619955,365,0.81923161,0.11362753,4.90629801,0.34699696,0.05994740,504,11225,5043
910,0.03246321,233,0.56498174,0.14863593,2.83256934,0.69315625,0.31763594,320,23644,7088
911,0.04604974,106,0.74030747,0.41502738,3.02053494,0.88131721,0.42407318,409,17393,5643
912,0.09752024,459,0.52063197,0.09620377,3.52346575,0.34403855,0.25795648,554,10009,5865
913,0.17773992,791,1.01349908,0.28201647,1.72521087,0.16536611,0.29940050,665,4554,4316
914,0.06710601,353,0.83108707,0.42935178,2.53418203,0.67368303,0.14896105,352,20590,4866
915,0.05366641,275,0.61280591,0.21812948,1.02242080,0.42405477,0.13694284,324,20705,6537
916,0.04943100,272,0.74649782,0.21808284,3.68588364,0.57198856,0.15277426,69,8726,3357
917,0.16752254,316,0.84737273,0.43659427,3.73244706,0.27067757,0.19799246,702,16391,2701
918,0.12234980,577,0.84228760,0.49004295,0.51134350,0.96722161,0.49570331,507,23128,2207
919,0.07270457,871,0.90204717,0.16063044,0.15225612,0.71481457,0.48713696,203,21785,6174
920,0.03566995,531,1.04772517,0.20709899,2.29177498,0.48423825,0.47081989,394,6635,5770
921,0.08749991,807,0.86829457,0.41492734,1.87906649,0.35871482,0.33241415,369,12183,3224
922,0.19976813,225,1.02299689,0.38514332,0.39040307,0.33448485,0.46397134,155,14055,5395
923,0.39758487,510,0.84765954,0.30982490,1.08261624,0.14551924,0.38842911,347,4899,3897
924,0.04959991,645,0.53376047,0.45324720,0.91252655,0.98443893,0.39122761,517,6717,7423
925,0.07102050,935,0.53501009,0.24497415,1.84933348,0.70453652,0.26608562,312,17528,2014
926,0.04609801,155,0.68331126,0.37296704,2.11707013,0.62767322,0.20096192,117,3588,2294
927,0.08752055,381,0.60231244,0.49435165,0.16890617,0.33998656,0.32658335,527,16548,6234
928,0.21520587,774,0.99446593,0.44042703,3.82154466,0.15380830,0.35787525,514,16008,3581
929,0.06737506,139,0.60361686,0.26164136,0.47516846,0.45177100,0.41729420,649,23676,2662
930,0.02751848,739,0.58072566,0.40901815,1.27952793,0.80585093,0.16883482,130,22604,5350
931,0.30694998,594,0.75309400,0.12086932,2.01976707,0.17001644,0.49227841,571,2336,2116
932,0.06138466,914,0.60967265,0.01763217,2.59713487,0.40714503,0.12163481,430,20537,6274
933,0.02538202,676,0.64175121,0.22729129,2.09186663,0.85334653,0.25816437,72,4115,6371
934,0.13224555,469,0.96859024,0.29226209,0.21432243,0.45201085,0.36510082,366,22646,4585
935,0.03616611,269,0.88291364,0.14797763,1.64218116,0.65588203,0.21856664,51,21493,4592
936,2.13706430,557,0.59662210,0.14523981,1.13955795,0.16136253,0.01315991,286,13192,4677
937,1.23721095,104,0.60268845,0.30565879,0.13887845,0.04701453,0.31050223,551,12599,3571
938,0.04133776,338,0.50547700,0.03542816,4.77205071,0.66576071,0.45715972,60,20919,5318
939,0.09872707,696,0.77326528,0.40202558,2.99483092,0.29785989,0.23603912,352,11277,4753
940,0.02333323,660,0.93857631,0.05395276,2.99262625,0.67031488,0.36599907,193,20472,3403
941,0.18106484,222,0.83129333,0.20751161,2.10363355,0.13553834,0.17570624,709,11032,4365
942,0.28447726,732,0.92385335,0.06154811,0.69902172,0.24250067,0.27539375,397,13585,4188
943,0.47101640,972,0.80979158,0.32082640,2.72934587,0.11661144,0.16133038,719,17047,6260
944,0.10487951,425,0.97341314,0.47886909,4.30771856,0.54745680,0.09898637,442,8301,2941
945,2.87204629,582,0.81862467,0.38550092,3.02072458,0.81675680,0.00309246,659,16170,4339
946,2.42626120,493,0.99872193,0.07403580,3.31869489,0.04805582,0.01776148,488,2110,6370
947,0.05505060,909,0.64999550,0.15816005,0.95923080,0.44950954,0.18173620,521,18936,5550
948,0.03247167,970,0.79277117,0.16808530,4.93936207,0.68373144,0.19086386,599,7686,5347
949,0.04687183,194,1.03964325,0.14902895,1.81053395,0.94845917,0.25278559,607,4964,4588
950,0.07985084,864,0.91182178,0.06143188,0.03669281,0.84133431,0.34526479,149,3229,4784
951,0.03933159,246,0.98170975,0.06889945,1.79614105,0.63201536,0.32476947,86,17268,4491
952,1.81363102,609,0.60711972,0.37034486,1.03266121,0.06937427,0.13390106,188,5427,4862
953,0.13301868,366,0.83090618,0.48069371,3.44631730,0.18771584,0.16312098,349,10064,5197
954,0.33065458,828,0.78535445,0.06582602,1.54386937,0.15887060,0.10656120,706,9850,2984
955,1.02225729,510,0.77060839,0.13975849,2.19566718,0.76855899,0.00419382,151,21891,4953
956,0.52349046,803,1.04097933,0.18386604,0.47077435,0.24806949,0.03502498,561,9010,4420
957,2.91690391,768,0.92131102,0.39569575,3.73266440,0.26815105,0.00421911,133,13521,5264
958,7.01668183,865,0.57308372,0.03145655,0.62698593,0.04494325,0.08255133,633,7944,2274
959,2.59234182,774,0.87388093,0.10612281,0.70721359,0.05781031,0.06288881,275,3279,7068
960,0.01740454,552,0.66017727,0.44713117,2.55907919,0.93713929,0.42000079,56,14033,5916
961,0.02634738,708,0.64421461,0.44336720,1.47713118,0.84318748,0.32065868,172,12247,6298
962,2.32194193,355,0.76310514,0.04751201,1.41613271,0.06203873,0.12802808,514,6517,3115
963,6.08595928,890,0.65753306,0.06558283,1.61909586,0.02231160,0.33719481,695,13491,3109
964,1.18854362,252,0.51093269,0.30177442,3.58445389,0.01558668,0.46265978,558,24987,4359
965,0.10221387,710,0.75108127,0.05134036,2.43388157,0.26036915,0.48354111,247,8519,7433
966,0.63068639,328,0.83115780,0.44261072,0.14230283,0.84151186,0.00052219,124,16994,6974
967,0.34880396,552,0.99251273,0.49457895,1.90039625,0.22266410,0.21175602,659,19091,4401
968,0.04487724,385,0.88149368,0.13544044,3.48464081,0.44575555,0.49068737,58,12575,7375
969,0.03342724,505,0.88209156,0.27851445,1.87043170,0.73205083,0.37009903,709,20444,2158
970,0.05292931,309,0.75438051,0.11231043,1.59222280,0.49090955,0.29585773,695,4310,4715
971,0.05452793,253,0.85221657,0.19746043,1.34229005,0.51412603,0.32503304,689,12951,2413
972,0.82153613,827,0.54238500,0.29670394,1.15901890,0.18333342,0.03788189,209,11759,3621
973,0.02359198,922,0.79654590,0.31854280,4.45711321,0.78302133,0.32230113,200,18680,3609
974,0.06604688,607,0.89310214,0.33778861,3.71114450,0.37126995,0.27228391,652,8583,3766
975,0.05718686,198,0.73031219,0.46106961,1.57643461,0.54506672,0.24539640,676,8100,4642
976,0.48240306,959,0.66431863,0.22133277,0.40517906,0.12495237,0.17516739,101,3473,5840
977,6.87077173,815,0.70829285,0.17565060,1.25959184,0.91311306,0.05748412,498,24039,3893
978,0.05960840,279,0.75031224,0.24797721,3.32915624,0.52462885,0.32622786,509,10659,5622
979,4.04023600,737,0.82016148,0.27031471,0.88534555,0.14919945,0.00277124,398,14336,6758
980,0.02919379,391,0.60575941,0.31506735,3.37637552,0.94820514,0.32607689,336,7742,4801
981,0.02616599,333,0.97441862,0.46219586,1.89111776,0.66258205,0.37357963,55,10283,7042
982,0.05331623,771,1.00060183,0.13236853,0.79195394,0.51034990,0.24441699,132,14936,4097
983,2.14939698,389,0.89135453,0.44352957,0.51862668,0.03991096,0.30883307,560,14164,5358
984,0.05627445,948,0.89688506,0.30000845,3.05466555,0.44766697,0.20745815,483,18836,4287
985,0.05275838,253,0.77701859,0.06481844,2.01216548,0.49587212,0.16169901,390,23061,6926
986,1.99204922,353,0.73398599,0.10667355,1.28520448,0.05469435,0.29694809,692,15415,7091
987,0.15440744,154,0.82140049,0.05603777,1.30175618,0.19261172,0.23277234,393,11228,7217
988,0.03162016,368,0.95208608,0.34639548,4.72045921,0.68662545,0.46130452,658,14776,3705
989,0.20525605,893,0.66548057,0.40532861,2.81160024,0.46000919,0.15039816,712,22857,4644
990,0.09712936,254,0.99273058,0.36194207,4.95050516,0.25831667,0.46410485,638,19398,6625
991,0.13423503,483,0.95873780,0.18651531,2.40505071,0.21656488,0.21704614,182,7279,4368
992,0.06128119,994,0.77312783,0.27325692,1.37998472,0.36542253,0.26653227,448,6991,3603
993,0.48673565,789,0.72608001,0.42018362,1.77140254,0.49572688,0.06298629,213,24827,4973
994,0.15935041,796,0.54850474,0.32907041,2.84817733,0.19202469,0.48329837,147,19046,5370
995,0.10251719,419,0.66432307,0.41179516,1.04607711,0.30205988,0.17073527,714,17643,4039
996,0.06483681,173,0.64009646,0.18224728,4.21543247,0.54339552,0.18904729,717,9605,6448
997,0.06993993,676,0.50127133,0.22671800,4.46596665,0.58895495,0.34303156,163,21779,2146
998,0.86693341,577,0.57700538,0.16472353,3.61396951,0.46771774,0.03207378,58,6655,3549
999,0.02271133,326,0.67254482,0.29813526,4.77316828,0.93414929,0.42686717,224,14201,5548
1000,0.11513935,903,0.55490263,0.46598901,2.46038331,0.34729315,0.42236242,571,23266,4744
1001,0.01827879,796,0.80964304,0.05366265,4.49581734,0.87457816,0.46585338,60,20149,6488
1002,0.06524595,482,0.56669186,0.47172375,0.06936131,0.75649650,0.23706712,304,5548,2770
1003,0.04945136,377,0.59733822,0.27441222,0.60324572,0.67691545,0.46609756,51,20599,7310
1004,0.06068878,756,0.54929485,0.27970643,2.10581476,0.58724312,0.13445627,657,12054,3683
1005,0.20608655,524,0.62279571,0.23751302,3.40239200,0.46340827,0.14335107,609,18556,4375
1006,0.04910505,479,0.71950137,0.14525336,0.98279090,0.56652320,0.46011339,51,22356,2523
1007,0.10596325,477,0.61925320,0.42008003,1.48105316,0.27811904,0.36740072,523,13518,5368
1008,0.03633200,186,0.89964616,0.08152351,2.16989843,0.63571892,0.34930936,295,12842,3351
1009,0.02188113,490,0.63556955,0.14773586,2.04227838,0.85764455,0.20151057,162,19196,6497
1010,0.13686700,471,0.66554002,0.30982523,4.62327929,0.26293473,0.48211801,363,3784,6276
1011,0.25137431,670,1.03031459,0.25273817,0.47132575,0.36569111,0.47716935,497,11167,2970
1012,0.06702582,984,0.65569484,0.24072824,0.21546916,0.61077798,0.26521906,537,12973,5866
1013,0.05470112,137,0.91203860,0.45510291,3.67198698,0.51449527,0.42991167,625,13368,3859
1014,0.04677540,671,0.60124986,0.40232563,2.82062934,0.63071944,0.36353424,287,14676,3381
1015,0.05691473,382,0.70602144,0.29823226,1.57791588,0.46857241,0.24578364,288,3779,3969
1016,0.13775489,424,0.67946738,0.46902864,3.39229780,0.65713292,0.02954477,100,17937,6468
1017,0.03963024,243,0.71804118,0.42207506,0.88132086,0.61042779,0.47085599,598,6616,3395
1018,0.26541242,425,1.01415991,0.33378405,2.26012471,0.11295533,0.46841351,225,3837,5459
1019,0.15408659,472,0.61330685,0.15145897,0.20168687,0.91611101,0.00854441,596,16865,4350
1020,0.02803341,585,0.69031803,0.06295061,3.87831051,0.90665925,0.14390762,481,2227,3574
